season,round,player,votes
2026,19,Aaron Naughton (WB),6
2026,19,Aidan Corr (NMFC),3
2026,19,Alex Pearce (FRE),3
2026,19,Andrew Brayshaw (FRE),4
2026,19,Bailey Dale (WB),4
2026,19,Blake Hardwick (HAW),8
2026,19,Bradley Hill (STK),4
2026,19,Brandon Starcevich (WCE),1
2026,19,Caleb Serong (FRE),1
2026,19,Callum Wilkie (STK),8
2026,19,Cameron Rayner (BL),3
2026,19,Charlie Curnow (SYD),6
2026,19,Clayton Oliver (GWS),4
2026,19,Connor MacDonald (HAW),3
2026,19,Daniel Turner (MELB),3
2026,19,Darcy Cameron (COLL),6
2026,19,Dayne Zorko (BL),2
2026,19,Ed Richards (WB),3
2026,19,Harley Reid (WCE),6
2026,19,Harry Himmelberg (GWS),1
2026,19,Izak Rankine (ADEL),7
2026,19,Jack Ginnivan (HAW),6
2026,19,Jack Steele (MELB),2
2026,19,Jacob Van Rooyen (MELB),10
2026,19,Jake Bowey (MELB),4
2026,19,James Peatling (ADEL),2
2026,19,Jason Horne-Francis (PORT),2
2026,19,Jeremy Howe (COLL),4
2026,19,Joel Fitzgerald (MELB),1
2026,19,Jordan Dawson (ADEL),8
2026,19,Josh Daicos (COLL),7
2026,19,Josh Treacy (FRE),3
2026,19,Josh Ward (HAW),4
2026,19,Kai Lohmann (BL),1
2026,19,Kieren Briggs (GWS),2
2026,19,Lachie Neale (BL),8
2026,19,Lachlan McAndrew (ADEL),1
2026,19,Lloyd Meek (HAW),8
2026,19,Marcus Bontempelli (WB),10
2026,19,Max Gawn (MELB),4
2026,19,Miles Bergman (PORT),1
2026,19,Murphy Reid (FRE),10
2026,19,Nasiah Wanganeen-Milera (STK),7
2026,19,Nick Daicos (COLL),3
2026,19,Oliver Dempsey (GEEL),1
2026,19,Rowan Marshall (STK),8
2026,19,Sam Berry (ADEL),7
2026,19,Sam Draper (BL),1
2026,19,Sam Taylor (GWS),7
2026,19,Sam Walsh (CARL),1
2026,19,Shai Bolton (FRE),3
2026,19,Shaun Mannagh (GEEL),10
2026,19,Taylor Walker (ADEL),1
2026,19,Tim Membrey (COLL),1
2026,19,Toby Greene (GWS),5
2026,19,Tom Sparrow (MELB),6
2026,19,Tristan Xerri (NMFC),6
2026,19,Wayne Milera (ADEL),4
2026,19,Will Ashcroft (BL),10
2026,19,Zac Bailey (BL),5
2026,18,Adam Cerra (CARL),2
2026,18,Bailey Dale (WB),4
2026,18,Bayley Fritsch (MELB),6
2026,18,Ben Keays (ADEL),1
2026,18,Bodhi Uwland (GCFC),4
2026,18,Bradley Hill (STK),8
2026,18,Brayden Maynard (COLL),1
2026,18,Brodie Grundy (SYD),9
2026,18,Changkuoth Jiath (MELB),2
2026,18,Charlie Comben (NMFC),5
2026,18,Charlie Curnow (SYD),9
2026,18,Clayton Oliver (GWS),3
2026,18,Connor Idun (GWS),3
2026,18,Darcy Byrne-Jones (PORT),2
2026,18,Darcy Fogarty (ADEL),5
2026,18,Darcy Gardiner (BL),3
2026,18,Darcy Wilson (STK),3
2026,18,Francis Evans (CARL),1
2026,18,George Hewett (CARL),10
2026,18,Harry Sheezel (NMFC),1
2026,18,Hugo Garcia (STK),2
2026,18,Isaac Heeney (SYD),5
2026,18,Izak Rankine (ADEL),3
2026,18,Jack Whitlock (PORT),1
2026,18,Jacob Van Rooyen (MELB),8
2026,18,Jagga Smith (CARL),8
2026,18,Jake Stringer (GWS),10
2026,18,James Borlase (ADEL),2
2026,18,James Jordon (SYD),2
2026,18,Jason Horne-Francis (PORT),9
2026,18,Jeremy Howe (COLL),1
2026,18,Jordan Dawson (ADEL),10
2026,18,Josh Daicos (COLL),3
2026,18,Josh Dunkley (BL),5
2026,18,Kai Lohmann (BL),3
2026,18,Karl Worner (FRE),1
2026,18,Kysaiah Pickett (MELB),2
2026,18,Lachie Ash (GWS),5
2026,18,Lachlan McAndrew (ADEL),8
2026,18,Luke Davies-Uniacke (NMFC),5
2026,18,Max Gawn (MELB),10
2026,18,Max Hall (STK),5
2026,18,Nasiah Wanganeen-Milera (STK),10
2026,18,Ned Moyle (GCFC),3
2026,18,Nick Daicos (COLL),10
2026,18,Ollie Wines (PORT),3
2026,18,Patrick Cripps (CARL),1
2026,18,Patrick Dangerfield (GEEL),5
2026,18,Rory Laird (ADEL),1
2026,18,Rowan Marshall (STK),2
2026,18,Seth Campbell (RICH),3
2026,18,Shannon Neale (GEEL),1
2026,18,Tim Membrey (COLL),4
2026,18,Tim Taranto (RICH),5
2026,18,Toby Greene (GWS),8
2026,18,Tom Sparrow (MELB),2
2026,18,Will Ashcroft (BL),9
2026,18,Will Edwards (SYD),1
2026,18,Zac Bailey (BL),4
2026,18,Zak Butters (PORT),4
2026,18,Zeke Uwland (GCFC),4
2026,17,Andrew Brayshaw (FRE),10
2026,17,Ben Ainsworth (CARL),7
2026,17,Blake Hardwick (HAW),4
2026,17,Brennan Cox (FRE),4
2026,17,Caleb Daniel (NMFC),6
2026,17,Callum Brown (GWS),1
2026,17,Cameron Mackenzie (HAW),6
2026,17,Chad Warner (SYD),9
2026,17,Colby McKercher (NMFC),1
2026,17,Conor McKenna (BL),5
2026,17,Dan Houston (COLL),1
2026,17,Darcy Fogarty (ADEL),2
2026,17,Finn Callaghan (GWS),1
2026,17,George Hewett (CARL),4
2026,17,Harley Reid (WCE),1
2026,17,Harry Sheezel (NMFC),10
2026,17,Jack Crisp (COLL),1
2026,17,Jack Ginnivan (HAW),2
2026,17,Jai Newcombe (HAW),10
2026,17,Jason Horne-Francis (PORT),7
2026,17,Jordan De Goey (COLL),7
2026,17,Jordon Sweet (PORT),7
2026,17,Josh Daicos (COLL),2
2026,17,Josh Dunkley (BL),2
2026,17,Josh Lai (PORT),2
2026,17,Karl Worner (FRE),1
2026,17,Lachie Cowan (CARL),1
2026,17,Lachie Schultz (COLL),2
2026,17,Levi Ashcroft (BL),2
2026,17,Luke Davies-Uniacke (NMFC),7
2026,17,Luke Jackson (FRE),6
2026,17,Luke Parker (NMFC),1
2026,17,Michael Frederick (FRE),6
2026,17,Mitchell Georgiades (PORT),2
2026,17,Murphy Reid (FRE),3
2026,17,Nick Daicos (COLL),10
2026,17,Patrick Cripps (CARL),9
2026,17,Sam Durham (ESS),5
2026,17,Sam Walsh (CARL),8
2026,17,Tim Taranto (RICH),7
2026,17,Will Ashcroft (BL),8
2026,17,Will Day (HAW),6
2026,17,Zac Bailey (BL),4
2026,17,Zak Butters (PORT),10
2026,16,Alex Pearce (FRE),3
2026,16,Andrew Brayshaw (FRE),8
2026,16,Bailey Dale (WB),5
2026,16,Ben Long (GCFC),5
2026,16,Buku Khamis (WB),1
2026,16,Caleb Daniel (NMFC),10
2026,16,Connor O'Sullivan (GEEL),1
2026,16,Cooper Trembath (NMFC),7
2026,16,Darcy Byrne-Jones (PORT),3
2026,16,Dylan Moore (HAW),1
2026,16,George Hewett (CARL),8
2026,16,George Wardlaw (NMFC),1
2026,16,Harry Sheezel (NMFC),6
2026,16,Hugo Garcia (STK),6
2026,16,Jagga Smith (CARL),4
2026,16,Jai Newcombe (HAW),8
2026,16,James Borlase (ADEL),2
2026,16,James O'Donnell (WB),1
2026,16,Jason Horne-Francis (PORT),3
2026,16,Jeremy Howe (COLL),6
2026,16,Jordan De Goey (COLL),9
2026,16,Jye Amiss (FRE),1
2026,16,Kade Chandler (MELB),4
2026,16,Luke Jackson (FRE),10
2026,16,Luke Parker (NMFC),5
2026,16,Mac Andrew (GCFC),7
2026,16,Marcus Bontempelli (WB),10
2026,16,Mark Keane (ADEL),9
2026,16,Max Gawn (MELB),8
2026,16,Max Holmes (GEEL),2
2026,16,Murphy Reid (FRE),5
2026,16,Nasiah Wanganeen-Milera (STK),7
2026,16,Nicholas Newman (CARL),1
2026,16,Nick Daicos (COLL),9
2026,16,Nick Haynes (CARL),1
2026,16,Noah Anderson (GCFC),5
2026,16,Patrick Cripps (CARL),8
2026,16,Sam Berry (ADEL),3
2026,16,Sam Walsh (CARL),8
2026,16,Tom Brown (RICH),1
2026,16,Wayne Milera (ADEL),4
2026,16,Will Day (HAW),4
2026,15,Aaron Cadman (GWS),2
2026,15,Bailey Smith (GEEL),7
2026,15,Brent Daniels (GWS),4
2026,15,Brodie Grundy (SYD),1
2026,15,Callum Mills (SYD),4
2026,15,Clayton Oliver (GWS),2
2026,15,Connor O'Sullivan (GEEL),2
2026,15,Cooper Sharman (STK),4
2026,15,Darcy Byrne-Jones (PORT),3
2026,15,Darcy Wilmot (BL),1
2026,15,Ed Langdon (MELB),6
2026,15,Harry Sheezel (NMFC),5
2026,15,Isaac Heeney (SYD),10
2026,15,Jack Darling (NMFC),8
2026,15,Jack Steele (MELB),1
2026,15,Jai Serong (SYD),3
2026,15,Jake Bowey (MELB),2
2026,15,Jake Waterman (WCE),2
2026,15,Jeremy Cameron (GEEL),2
2026,15,Jobe Shanahan (WCE),3
2026,15,Joe Richards (PORT),4
2026,15,Jordan Dawson (ADEL),10
2026,15,Joshua Rachele (ADEL),4
2026,15,Koltyn Tholstrup (MELB),2
2026,15,Kysaiah Pickett (MELB),10
2026,15,Lachie Neale (BL),6
2026,15,Lachlan McAndrew (ADEL),7
2026,15,Lawson Humphries (GEEL),1
2026,15,Liam Ryan (STK),9
2026,15,Logan McDonald (SYD),1
2026,15,Max Gawn (MELB),8
2026,15,Max Holmes (GEEL),10
2026,15,Nasiah Wanganeen-Milera (STK),9
2026,15,Nick Larkey (NMFC),5
2026,15,Noah Anderson (GCFC),3
2026,15,Oliver Dempsey (GEEL),1
2026,15,Rory Laird (ADEL),2
2026,15,Sam Berry (ADEL),7
2026,15,Sam Draper (BL),1
2026,15,Tim Kelly (WCE),6
2026,15,Tim Taranto (RICH),6
2026,15,Tom Atkins (GEEL),4
2026,15,Tom Blamires (NMFC),1
2026,15,Will Ashcroft (BL),10
2026,15,Will Setterfield (ESS),1
2026,15,Zac Bailey (BL),6
2026,15,Zak Butters (PORT),4
2026,14,Alex Neal-Bullen (ADEL),1
2026,14,Andrew Brayshaw (FRE),8
2026,14,Bailey Dale (WB),6
2026,14,Bayley Fritsch (MELB),6
2026,14,Beau McCreery (COLL),1
2026,14,Ben King (GCFC),1
2026,14,Chad Warner (SYD),4
2026,14,Daniel Curtin (ADEL),8
2026,14,Darcy Byrne-Jones (PORT),2
2026,14,Darcy Wilmot (BL),6
2026,14,Esava Ratugolea (PORT),10
2026,14,George Hewett (CARL),6
2026,14,Harley Reid (WCE),2
2026,14,Harry McKay (CARL),6
2026,14,Harvey Langford (MELB),2
2026,14,Hayden Young (FRE),2
2026,14,Hugo Garcia (STK),1
2026,14,Isaac Heeney (SYD),10
2026,14,Jai Newcombe (HAW),10
2026,14,Jai Serong (SYD),3
2026,14,Jake Lever (MELB),1
2026,14,Jarman Impey (HAW),7
2026,14,Jason Horne-Francis (PORT),7
2026,14,Jordan Dawson (ADEL),10
2026,14,Jordon Sweet (PORT),4
2026,14,Josh Dunkley (BL),4
2026,14,Josh Treacy (FRE),1
2026,14,Josh Ward (HAW),1
2026,14,Kysaiah Pickett (MELB),10
2026,14,Lachie Neale (BL),8
2026,14,Liam Ryan (STK),8
2026,14,Logan Morris (BL),10
2026,14,Luke Jackson (FRE),10
2026,14,Marcus Bontempelli (WB),5
2026,14,Max Gawn (MELB),4
2026,14,Max Hall (STK),3
2026,14,Max Holmes (GEEL),1
2026,14,Michael Sellwood (WB),1
2026,14,Nasiah Wanganeen-Milera (STK),1
2026,14,Nathan O'Driscoll (FRE),1
2026,14,Nicholas Newman (CARL),1
2026,14,Nick Daicos (COLL),6
2026,14,Patrick Dangerfield (GEEL),6
2026,14,Patrick Voss (FRE),6
2026,14,Sam De Koning (GEEL),4
2026,14,Sam Durham (ESS),8
2026,14,Sam Switkowski (FRE),2
2026,14,Tim Kelly (WCE),1
2026,14,Tom McCarthy (WCE),4
2026,14,Will Setterfield (ESS),2
2026,14,Zac Bailey (BL),1
2026,14,Zach Reid (ESS),7
2026,13,Brayden Maynard (COLL),2
2026,13,Cameron Mackenzie (HAW),7
2026,13,Chad Warner (SYD),6
2026,13,Charlie Curnow (SYD),8
2026,13,Clayton Oliver (GWS),1
2026,13,Connor Idun (GWS),4
2026,13,Connor MacDonald (HAW),3
2026,13,Connor O'Sullivan (GEEL),3
2026,13,Ed Richards (WB),4
2026,13,Finn Callaghan (GWS),10
2026,13,Harley Reid (WCE),7
2026,13,Harvey Thomas (GWS),4
2026,13,Isaac Heeney (SYD),10
2026,13,Jack Gunston (HAW),1
2026,13,Jagga Smith (CARL),7
2026,13,Jai Newcombe (HAW),2
2026,13,Jake Waterman (WCE),4
2026,13,James Sicily (HAW),9
2026,13,Jordan De Goey (COLL),10
2026,13,Josh Treacy (FRE),9
2026,13,Jye Amiss (FRE),9
2026,13,Lachie Ash (GWS),3
2026,13,Lachie Schultz (COLL),1
2026,13,Liam Baker (WCE),1
2026,13,Marcus Bontempelli (WB),5
2026,13,Massimo D'Ambrosio (HAW),2
2026,13,Matthew Johnson (FRE),5
2026,13,Max Holmes (GEEL),2
2026,13,Milan Murdock (WCE),3
2026,13,Nick Blakey (SYD),1
2026,13,Nick Daicos (COLL),3
2026,13,Nick Watson (HAW),6
2026,13,Oliver Dempsey (GEEL),2
2026,13,Patrick Cripps (CARL),10
2026,13,Patrick Voss (FRE),3
2026,13,Peter Ladhams (SYD),1
2026,13,Reuben Ginbey (WCE),10
2026,13,Sam Switkowski (FRE),1
2026,13,Sam Walsh (CARL),4
2026,13,Shai Bolton (FRE),1
2026,13,Sullivan Robey (ESS),2
2026,13,Tim English (WB),5
2026,13,Tim Kelly (WCE),1
2026,13,Toby Bedford (GWS),4
2026,13,Toby Greene (GWS),4
2026,13,Tom McCarthy (WCE),2
2026,13,Tom McCartin (SYD),4
2026,13,Tom Stewart (GEEL),1
2026,13,Will Hayward (CARL),1
2026,13,Zac Bailey (BL),2
2026,12,Bailey Dale (WB),1
2026,12,Bailey J Williams (WCE),7
2026,12,Bailey Smith (GEEL),5
2026,12,Blake Hardwick (HAW),7
2026,12,Brent Daniels (GWS),5
2026,12,Charlie Comben (NMFC),1
2026,12,Clayton Oliver (GWS),9
2026,12,Darcy Cameron (COLL),7
2026,12,Darcy Parish (ESS),9
2026,12,Ed Richards (WB),10
2026,12,Elliot Yeo (WCE),2
2026,12,Finn O'Sullivan (NMFC),1
2026,12,George Hewett (CARL),1
2026,12,Gryan Miers (GEEL),2
2026,12,Harvey Langford (MELB),2
2026,12,Jack Crisp (COLL),3
2026,12,Jack Darling (NMFC),3
2026,12,Jack Martin (GEEL),3
2026,12,Jack Ross (RICH),2
2026,12,Jagga Smith (CARL),8
2026,12,Jake Stringer (GWS),3
2026,12,Jarman Impey (HAW),10
2026,12,Jason Horne-Francis (PORT),5
2026,12,Jayden Short (RICH),4
2026,12,Jeremy Cameron (GEEL),1
2026,12,Jordan Dawson (ADEL),3
2026,12,Josh Treacy (FRE),6
2026,12,Josh Worrell (ADEL),1
2026,12,Joshua Weddle (HAW),2
2026,12,Jy Simpkin (NMFC),7
2026,12,Kysaiah Pickett (MELB),3
2026,12,Lawson Humphries (GEEL),9
2026,12,Luke Davies-Uniacke (NMFC),5
2026,12,Luke Jackson (FRE),5
2026,12,Marcus Bontempelli (WB),8
2026,12,Matt Rowell (GCFC),5
2026,12,Matthew Johnson (FRE),1
2026,12,Max Gawn (MELB),1
2026,12,Max Hall (STK),1
2026,12,Max Holmes (GEEL),9
2026,12,Murphy Reid (FRE),9
2026,12,Nick Daicos (COLL),10
2026,12,Nick Haynes (CARL),1
2026,12,Noah Anderson (GCFC),2
2026,12,Patrick Cripps (CARL),10
2026,12,Patrick Retschko (RICH),6
2026,12,Patrick Voss (FRE),3
2026,12,Phoenix Gothard (GWS),6
2026,12,Reuben Ginbey (WCE),1
2026,12,Riley Bice (SYD),1
2026,12,Ryley Sanders (WB),5
2026,12,Sam Berry (ADEL),2
2026,12,Sam Collins (GCFC),6
2026,12,Sam Walsh (CARL),3
2026,12,Shai Bolton (FRE),5
2026,12,Tim Taranto (RICH),6
2026,12,Toby Greene (GWS),7
2026,12,Wayne Milera (ADEL),5
2026,12,Will Hayward (CARL),2
2026,12,Zach Merrett (ESS),3
2026,11,Aaron Naughton (WB),1
2026,11,Bailey Dale (WB),2
2026,11,Bailey J Williams (WCE),8
2026,11,Bailey Smith (GEEL),7
2026,11,Bodhi Uwland (GCFC),8
2026,11,Brady Hough (WCE),1
2026,11,Brodie Grundy (SYD),10
2026,11,Caleb Serong (FRE),3
2026,11,Charlie Cameron (BL),1
2026,11,Christian Petracca (GCFC),1
2026,11,Clayton Oliver (GWS),6
2026,11,Daniel Turner (MELB),9
2026,11,Darcy Wilson (STK),1
2026,11,Dylan Moore (HAW),2
2026,11,Harley Reid (WCE),10
2026,11,Harvey Thomas (GWS),1
2026,11,Hugo Garcia (STK),10
2026,11,Isaac Heeney (SYD),4
2026,11,Isaac Quaynor (COLL),2
2026,11,Izak Rankine (ADEL),7
2026,11,Jack Macrae (STK),1
2026,11,Jack Sinclair (STK),5
2026,11,Jagga Smith (CARL),2
2026,11,James Peatling (ADEL),1
2026,11,John Noble (GCFC),8
2026,11,Jordan Dawson (ADEL),10
2026,11,Josh Worrell (ADEL),1
2026,11,Joshua Rachele (ADEL),4
2026,11,Justin McInerney (SYD),1
2026,11,Kade Chandler (MELB),4
2026,11,Karl Worner (FRE),3
2026,11,Lachie Cowan (CARL),1
2026,11,Lachlan McAndrew (ADEL),3
2026,11,Levi Ashcroft (BL),1
2026,11,Mac Andrew (GCFC),1
2026,11,Matt Carroll (CARL),7
2026,11,Max Gawn (MELB),8
2026,11,Max Hall (STK),8
2026,11,Murphy Reid (FRE),8
2026,11,Nick Blakey (SYD),8
2026,11,Nick Daicos (COLL),5
2026,11,Noah Anderson (GCFC),6
2026,11,Oisin Mullin (GEEL),2
2026,11,Oliver Florent (CARL),8
2026,11,Patrick Cripps (CARL),9
2026,11,Patrick Voss (FRE),8
2026,11,Rory Laird (ADEL),4
2026,11,Sam Collins (GCFC),6
2026,11,Sam Flanders (STK),2
2026,11,Shai Bolton (FRE),8
2026,11,Shannon Neale (GEEL),2
2026,11,Shaun Mannagh (GEEL),10
2026,11,Tim Kelly (WCE),4
2026,11,Tom De Koning (STK),3
2026,11,Tom Sparrow (MELB),7
2026,11,Tom Stewart (GEEL),7
2026,10,Alex Neal-Bullen (ADEL),1
2026,10,Archie Roberts (ESS),4
2026,10,Bailey Dale (WB),3
2026,10,Bailey Humphrey (GCFC),1
2026,10,Bailey Smith (GEEL),10
2026,10,Bodhi Uwland (GCFC),8
2026,10,Brady Hough (WCE),1
2026,10,Brent Daniels (GWS),2
2026,10,Bruce Reville (BL),1
2026,10,Caleb Serong (FRE),5
2026,10,Callum Mills (SYD),1
2026,10,Clayton Oliver (GWS),1
2026,10,Colby McKercher (NMFC),3
2026,10,Daniel Rioli (GCFC),9
2026,10,Ed Langdon (MELB),3
2026,10,Ed Richards (WB),1
2026,10,Finn Callaghan (GWS),5
2026,10,Finn O'Sullivan (NMFC),1
2026,10,Harley Reid (WCE),2
2026,10,Harry McKay (CARL),2
2026,10,Harry Sheezel (NMFC),5
2026,10,Isaac Heeney (SYD),4
2026,10,Izak Rankine (ADEL),10
2026,10,Jack Gunston (HAW),8
2026,10,Jacob Van Rooyen (MELB),7
2026,10,Jai Newcombe (HAW),1
2026,10,Jake Waterman (WCE),3
2026,10,John Noble (GCFC),7
2026,10,Jordan Dawson (ADEL),7
2026,10,Jordan De Goey (COLL),4
2026,10,Josh Worrell (ADEL),1
2026,10,Kade Chandler (MELB),10
2026,10,Lachie Ash (GWS),5
2026,10,Lachie Neale (BL),9
2026,10,Lachie Whitfield (GWS),4
2026,10,Levi Ashcroft (BL),2
2026,10,Luke Davies-Uniacke (NMFC),10
2026,10,Luke Jackson (FRE),10
2026,10,Luke Parker (NMFC),4
2026,10,Mac Andrew (GCFC),1
2026,10,Marcus Bontempelli (WB),9
2026,10,Max Holmes (GEEL),4
2026,10,Michael Frederick (FRE),5
2026,10,Michael Sellwood (WB),4
2026,10,Mitchell Georgiades (PORT),3
2026,10,Nick Blakey (SYD),2
2026,10,Nick Watson (HAW),1
2026,10,Noah Anderson (GCFC),4
2026,10,Oisin Mullin (GEEL),7
2026,10,Patrick Cripps (CARL),4
2026,10,Peter Wright (ESS),3
2026,10,Rory Laird (ADEL),2
2026,10,Ryan Lester (BL),9
2026,10,Ryley Sanders (WB),6
2026,10,Sam Durham (ESS),3
2026,10,Sam Walsh (CARL),3
2026,10,Scott Pendlebury (COLL),3
2026,10,Shannon Neale (GEEL),1
2026,10,Shaun Mannagh (GEEL),1
2026,10,Tim English (WB),2
2026,10,Tim Taranto (RICH),2
2026,10,Toby Greene (GWS),3
2026,10,Tom Sparrow (MELB),4
2026,10,Wayne Milera (ADEL),7
2026,10,Zak Butters (PORT),2
2026,9,Aliir Aliir (PORT),8
2026,9,Bailey Dale (WB),3
2026,9,Bodhi Uwland (GCFC),3
2026,9,Bradley Hill (STK),4
2026,9,Brayden Cook (ADEL),2
2026,9,Brayden Maynard (COLL),1
2026,9,Brodie Grundy (SYD),8
2026,9,Cameron Rayner (BL),3
2026,9,Christian Petracca (GCFC),9
2026,9,Clayton Oliver (GWS),1
2026,9,Connor MacDonald (HAW),8
2026,9,Connor O'Sullivan (GEEL),5
2026,9,Cooper Sharman (STK),7
2026,9,Dan Houston (COLL),8
2026,9,Darcy Wilmot (BL),9
2026,9,Elliot Yeo (WCE),1
2026,9,Finn Callaghan (GWS),4
2026,9,Harley Reid (WCE),6
2026,9,Hayden Young (FRE),3
2026,9,Hugh McCluggage (BL),9
2026,9,Isaac Heeney (SYD),5
2026,9,Jack Ross (RICH),5
2026,9,Jai Newcombe (HAW),4
2026,9,Joel Amartey (SYD),1
2026,9,John Noble (GCFC),9
2026,9,Josh Treacy (FRE),1
2026,9,Joshua Rachele (ADEL),2
2026,9,Justin McInerney (SYD),2
2026,9,Jy Simpkin (NMFC),1
2026,9,Kai Lohmann (BL),2
2026,9,Kane McAuliffe (RICH),4
2026,9,Kysaiah Pickett (MELB),4
2026,9,Lachie Schultz (COLL),1
2026,9,Luke Jackson (FRE),8
2026,9,Mac Andrew (GCFC),2
2026,9,Malcolm Rosas Jr (SYD),10
2026,9,Marcus Bontempelli (WB),5
2026,9,Massimo D'Ambrosio (HAW),4
2026,9,Max Hall (STK),2
2026,9,Max Holmes (GEEL),10
2026,9,Mitch Owens (STK),2
2026,9,Nasiah Wanganeen-Milera (STK),5
2026,9,Nick Daicos (COLL),2
2026,9,Nick Watson (HAW),2
2026,9,Noah Anderson (GCFC),2
2026,9,Noah Balta (RICH),10
2026,9,Oisin Mullin (GEEL),2
2026,9,Ollie Wines (PORT),2
2026,9,Rowan Marshall (STK),10
2026,9,Ryan Lester (BL),2
2026,9,Sam Berry (ADEL),8
2026,9,Sam Durham (ESS),1
2026,9,Seth Campbell (RICH),4
2026,9,Shai Bolton (FRE),10
2026,9,Shaun Mannagh (GEEL),4
2026,9,Tristan Xerri (NMFC),8
2026,9,Wayne Milera (ADEL),8
2026,9,Zac Bailey (BL),4
2026,8,Andrew Brayshaw (FRE),4
2026,8,Bayley Fritsch (MELB),2
2026,8,Blake Howes (MELB),1
2026,8,Bradley Hill (STK),1
2026,8,Brent Daniels (GWS),1
2026,8,Brodie Grundy (SYD),6
2026,8,Brodie Kemp (CARL),1
2026,8,Caleb Windsor (MELB),6
2026,8,Callum Wilkie (STK),7
2026,8,Charlie Cameron (BL),8
2026,8,Charlie Curnow (SYD),10
2026,8,Connor MacDonald (HAW),2
2026,8,Dan Houston (COLL),2
2026,8,Harry Sheezel (NMFC),6
2026,8,Hugo Garcia (STK),7
2026,8,Jack Crisp (COLL),2
2026,8,Jack Gunston (HAW),7
2026,8,Jack Higgins (STK),7
2026,8,Jack Scrimshaw (HAW),1
2026,8,Jack Steele (MELB),2
2026,8,Jai Newcombe (HAW),9
2026,8,Jarman Impey (HAW),5
2026,8,Jase Burgoyne (PORT),3
2026,8,Jason Horne-Francis (PORT),10
2026,8,Jordan Dawson (ADEL),1
2026,8,Jordan De Goey (COLL),4
2026,8,Jordon Sweet (PORT),2
2026,8,Josh Battle (HAW),4
2026,8,Josh Daicos (COLL),3
2026,8,Kane Farrell (PORT),1
2026,8,Karl Amon (HAW),2
2026,8,Kysaiah Pickett (MELB),10
2026,8,Lachie Ash (GWS),6
2026,8,Lachie Neale (BL),10
2026,8,Lachie Whitfield (GWS),1
2026,8,Luke Jackson (FRE),9
2026,8,Marcus Bontempelli (WB),8
2026,8,Marcus Windhager (STK),1
2026,8,Max Gawn (MELB),1
2026,8,Mitchell Georgiades (PORT),8
2026,8,Nasiah Wanganeen-Milera (STK),7
2026,8,Nick Daicos (COLL),8
2026,8,Patrick Cripps (CARL),2
2026,8,Roan Steele (COLL),1
2026,8,Sam Draper (BL),3
2026,8,Sam Walsh (CARL),5
2026,8,Scott Pendlebury (COLL),10
2026,8,Shai Bolton (FRE),9
2026,8,Toby Greene (GWS),10
2026,8,Tom McCartin (SYD),4
2026,8,Tom Papley (SYD),2
2026,8,Tom Sparrow (MELB),8
2026,8,Tristan Xerri (NMFC),6
2026,8,Ty Gallop (BL),1
2026,8,Will Ashcroft (BL),2
2026,8,Zac Bailey (BL),5
2026,8,Zak Butters (PORT),6
2026,7,Bailey Smith (GEEL),6
2026,7,Brayden Cook (ADEL),4
2026,7,Brodie Grundy (SYD),4
2026,7,Caleb Serong (FRE),2
2026,7,Callum Wilkie (STK),3
2026,7,Cameron Zurhaar (NMFC),5
2026,7,Chad Warner (SYD),1
2026,7,Charlie Cameron (BL),2
2026,7,Christian Petracca (GCFC),8
2026,7,Clayton Oliver (GWS),6
2026,7,Colby McKercher (NMFC),5
2026,7,Conor Nash (HAW),2
2026,7,Darcy Cameron (COLL),2
2026,7,Darcy Parish (ESS),5
2026,7,George Wardlaw (NMFC),1
2026,7,Harris Andrews (BL),8
2026,7,Harry Perryman (COLL),3
2026,7,Harry Sheezel (NMFC),10
2026,7,Harvey Langford (MELB),8
2026,7,Heath Chapman (FRE),1
2026,7,Jack Sinclair (STK),5
2026,7,Jamie Elliott (COLL),4
2026,7,Jarman Impey (HAW),2
2026,7,Jason Horne-Francis (PORT),8
2026,7,Jeremy Cameron (GEEL),10
2026,7,Jordan Clark (FRE),8
2026,7,Justin McInerney (SYD),8
2026,7,Jye Amiss (FRE),10
2026,7,Kade Chandler (MELB),8
2026,7,Kysaiah Pickett (MELB),1
2026,7,Lachie Ash (GWS),1
2026,7,Lachie Neale (BL),3
2026,7,Lachlan McAndrew (ADEL),4
2026,7,Lawson Humphries (GEEL),4
2026,7,Luke Davies-Uniacke (NMFC),1
2026,7,Luke Ryan (FRE),1
2026,7,Matt Rowell (GCFC),9
2026,7,Max Holmes (GEEL),6
2026,7,Mitch Lewis (HAW),2
2026,7,Murphy Reid (FRE),5
2026,7,Nick Blakey (SYD),10
2026,7,Nick Daicos (COLL),10
2026,7,Nick Watson (HAW),8
2026,7,Oisin Mullin (GEEL),4
2026,7,Oliver Florent (CARL),6
2026,7,Patrick Lipinski (COLL),3
2026,7,Paul Curtis (NMFC),8
2026,7,Reuben Ginbey (WCE),3
2026,7,Sam Berry (ADEL),1
2026,7,Sam Collins (GCFC),3
2026,7,Sam Walsh (CARL),2
2026,7,Taylor Walker (ADEL),10
2026,7,Touk Miller (GCFC),1
2026,7,Wayne Milera (ADEL),3
2026,7,Zach Merrett (ESS),4
2026,7,Zak Butters (PORT),8
2026,6,Aaron Cadman (GWS),2
2026,6,Alex Neal-Bullen (ADEL),1
2026,6,Alex Pearce (FRE),5
2026,6,Archie Roberts (ESS),10
2026,6,Bailey Smith (GEEL),9
2026,6,Billy Frampton (COLL),1
2026,6,Blake Hardwick (HAW),2
2026,6,Brayden Maynard (COLL),1
2026,6,Brodie Grundy (SYD),6
2026,6,Callum Mills (SYD),3
2026,6,Callum Wilkie (STK),4
2026,6,Clayton Oliver (GWS),6
2026,6,Darcy Parish (ESS),7
2026,6,Finn Callaghan (GWS),10
2026,6,Hugo Garcia (STK),1
2026,6,Isaac Heeney (SYD),10
2026,6,Isaac Kako (ESS),5
2026,6,Jack Crisp (COLL),2
2026,6,Jack Ginnivan (HAW),7
2026,6,Jack Silvagni (STK),3
2026,6,Jai Newcombe (HAW),10
2026,6,Jake Stringer (GWS),3
2026,6,James O'Donnell (WB),1
2026,6,James Worpel (GEEL),1
2026,6,Jarrod Berry (BL),4
2026,6,Jason Horne-Francis (PORT),4
2026,6,Jayden Laverde (GWS),1
2026,6,Josh Battle (HAW),6
2026,6,Josh Worrell (ADEL),1
2026,6,Joshua Rachele (ADEL),10
2026,6,Justin McInerney (SYD),7
2026,6,Jy Simpkin (NMFC),4
2026,6,Lachie Ash (GWS),4
2026,6,Lachie Neale (BL),10
2026,6,Lachie Whitfield (GWS),1
2026,6,Luke Davies-Uniacke (NMFC),6
2026,6,Luke Jackson (FRE),9
2026,6,Luke Parker (NMFC),1
2026,6,Luke Ryan (FRE),6
2026,6,Marc Pittonet (CARL),2
2026,6,Mark O'Connor (GEEL),2
2026,6,Max Gawn (MELB),1
2026,6,Max Holmes (GEEL),9
2026,6,Mitch Lewis (HAW),1
2026,6,Nasiah Wanganeen-Milera (STK),9
2026,6,Nick Daicos (COLL),6
2026,6,Peter Wright (ESS),3
2026,6,Sam Berry (ADEL),7
2026,6,Sam Draper (BL),1
2026,6,Sam Walsh (CARL),5
2026,6,Tanner Bruhn (GEEL),6
2026,6,Toby Greene (GWS),3
2026,6,Tom Atkins (GEEL),3
2026,6,Tom Barrass (HAW),3
2026,6,Tom McCartin (SYD),3
2026,6,Tom Papley (SYD),1
2026,6,Wayne Milera (ADEL),4
2026,6,Zac Bailey (BL),4
2026,6,Zach Merrett (ESS),4
2026,6,Zak Butters (PORT),9
2026,5,Alex Pearce (FRE),5
2026,5,Aliir Aliir (PORT),10
2026,5,Andrew Brayshaw (FRE),4
2026,5,Arthur Jones (WB),4
2026,5,Bailey Smith (GEEL),2
2026,5,Bailey Williams (WB),2
2026,5,Ben Ainsworth (CARL),3
2026,5,Brodie Grundy (SYD),9
2026,5,Caleb Daniel (NMFC),10
2026,5,Caleb Serong (FRE),8
2026,5,Chad Warner (SYD),3
2026,5,Connor MacDonald (HAW),7
2026,5,Cooper Trembath (NMFC),5
2026,5,Darcy Byrne-Jones (PORT),6
2026,5,Darcy Wilmot (BL),2
2026,5,Dylan Stephens (NMFC),3
2026,5,Elijah Hollands (CARL),2
2026,5,Finn O'Sullivan (NMFC),2
2026,5,Isaac Heeney (SYD),9
2026,5,Jack Ginnivan (HAW),4
2026,5,Jack Gunston (HAW),3
2026,5,Jack Steele (MELB),8
2026,5,Jai Serong (SYD),1
2026,5,Jake Melksham (MELB),2
2026,5,James Jordon (SYD),1
2026,5,James Peatling (ADEL),1
2026,5,Jarman Impey (HAW),5
2026,5,Jordon Sweet (PORT),2
2026,5,Josh Worrell (ADEL),1
2026,5,Joshua Weddle (HAW),1
2026,5,Jye Amiss (FRE),4
2026,5,Kai Lohmann (BL),3
2026,5,Kane Farrell (PORT),5
2026,5,Kysaiah Pickett (MELB),6
2026,5,Lachie Neale (BL),2
2026,5,Lachlan McAndrew (ADEL),2
2026,5,Logan Morris (BL),4
2026,5,Luke Davies-Uniacke (NMFC),4
2026,5,Marcus Bontempelli (WB),9
2026,5,Matthew Kennedy (WB),9
2026,5,Max Gawn (MELB),10
2026,5,Murphy Reid (FRE),3
2026,5,Nick Blakey (SYD),2
2026,5,Nick Watson (HAW),3
2026,5,Oliver Hollands (CARL),1
2026,5,Sam Darcy (WB),3
2026,5,Sam Draper (BL),1
2026,5,Tom Papley (SYD),5
2026,5,Tom Sparrow (MELB),4
2026,5,Tom Stewart (GEEL),5
2026,5,Wayne Milera (ADEL),2
2026,5,Will Ashcroft (BL),10
2026,5,Zac Bailey (BL),8
2026,5,Zach Merrett (ESS),3
2026,5,Zak Butters (PORT),7
2026,4,Bailey Smith (GEEL),9
2026,4,Bayley Fritsch (MELB),2
2026,4,Billy Frampton (COLL),3
2026,4,Caleb Serong (FRE),9
2026,4,Callum Wilkie (STK),6
2026,4,Clayton Oliver (GWS),3
2026,4,Colby McKercher (NMFC),5
2026,4,Connor Idun (GWS),1
2026,4,Dayne Zorko (BL),1
2026,4,Elijah Hollands (CARL),1
2026,4,Finn Callaghan (GWS),4
2026,4,Finn O'Sullivan (NMFC),9
2026,4,Gryan Miers (GEEL),1
2026,4,Harley Reid (WCE),5
2026,4,Harry Sheezel (NMFC),5
2026,4,Isaac Kako (ESS),2
2026,4,Jack Crisp (COLL),2
2026,4,Jack Steele (MELB),4
2026,4,Jake Lever (MELB),6
2026,4,Jake Waterman (WCE),10
2026,4,Jarrod Berry (BL),9
2026,4,Jobe Shanahan (WCE),2
2026,4,Jordan Clark (FRE),3
2026,4,Josh Daicos (COLL),4
2026,4,Josh Treacy (FRE),9
2026,4,Joshua Rachele (ADEL),6
2026,4,Kysaiah Pickett (MELB),10
2026,4,Luke Davies-Uniacke (NMFC),3
2026,4,Luke Jackson (FRE),2
2026,4,Luke Parker (NMFC),4
2026,4,Max Gawn (MELB),6
2026,4,Max Holmes (GEEL),4
2026,4,Nasiah Wanganeen-Milera (STK),1
2026,4,Nick Daicos (COLL),10
2026,4,Oisin Mullin (GEEL),1
2026,4,Peter Wright (ESS),1
2026,4,Sam De Koning (GEEL),2
2026,4,Shai Bolton (FRE),6
2026,4,Shaun Mannagh (GEEL),5
2026,4,Steele Sidebottom (COLL),2
2026,4,Tim Kelly (WCE),5
2026,4,Tim Membrey (COLL),1
2026,4,Tim Taranto (RICH),1
2026,4,Toby Pink (NMFC),1
2026,4,Tom Sparrow (MELB),1
2026,4,Tom Stewart (GEEL),2
2026,4,Will Ashcroft (BL),9
2026,4,Zac Bailey (BL),4
2026,4,Zak Butters (PORT),8
2026,3,Aliir Aliir (PORT),6
2026,3,Andrew Brayshaw (FRE),6
2026,3,Bailey Williams (WB),5
2026,3,Ben King (GCFC),8
2026,3,Bodhi Uwland (GCFC),8
2026,3,Brodie Grundy (SYD),1
2026,3,Buku Khamis (WB),2
2026,3,Callum Wilkie (STK),10
2026,3,Clayton Oliver (GWS),3
2026,3,Darcy Wilson (STK),6
2026,3,Dylan Moore (HAW),6
2026,3,Elliot Yeo (WCE),2
2026,3,Ethan Read (GCFC),2
2026,3,Harley Reid (WCE),10
2026,3,Isaiah Dudley (FRE),1
2026,3,Jack Ginnivan (HAW),1
2026,3,Jack Graham (WCE),1
2026,3,Jack Gunston (HAW),6
2026,3,Jack Sinclair (STK),6
2026,3,Jai Newcombe (HAW),9
2026,3,Jase Burgoyne (PORT),2
2026,3,Jason Horne-Francis (PORT),8
2026,3,Joe Richards (PORT),2
2026,3,Joel Freijah (WB),8
2026,3,Jordon Butts (ADEL),4
2026,3,Jordon Sweet (PORT),1
2026,3,Josh Treacy (FRE),6
2026,3,Lachie Ash (GWS),4
2026,3,Marcus Bontempelli (WB),9
2026,3,Max Gawn (MELB),6
2026,3,Milan Murdock (WCE),2
2026,3,Murphy Reid (FRE),1
2026,3,Nate Caddy (ESS),1
2026,3,Nick Larkey (NMFC),5
2026,3,Reuben Ginbey (WCE),4
2026,3,Ryan Angwin (GWS),1
2026,3,Sam Collins (GCFC),4
2026,3,Shai Bolton (FRE),10
2026,3,Tom Barrass (HAW),7
2026,3,Tom Liberatore (WB),2
2026,3,Touk Miller (GCFC),8
2026,3,Tristan Xerri (NMFC),6
2026,3,Zak Butters (PORT),10
2026,2,Aaron Naughton (WB),8
2026,2,Alex Neal-Bullen (ADEL),3
2026,2,Ben King (GCFC),3
2026,2,Caleb Serong (FRE),2
2026,2,Caleb Windsor (MELB),1
2026,2,Callum Wilkie (STK),2
2026,2,Charlie Comben (NMFC),10
2026,2,Christian Petracca (GCFC),10
2026,2,Conor Nash (HAW),4
2026,2,Dan Houston (COLL),3
2026,2,Dylan Stephens (NMFC),4
2026,2,Harry Sheezel (NMFC),4
2026,2,Isaac Heeney (SYD),2
2026,2,Jack Gunston (HAW),4
2026,2,Jack Sinclair (STK),2
2026,2,Jack Steele (MELB),1
2026,2,Jacob Van Rooyen (MELB),9
2026,2,Jacob Weitering (CARL),1
2026,2,Jagga Smith (CARL),5
2026,2,Jai Newcombe (HAW),1
2026,2,James Sicily (HAW),3
2026,2,Jarman Impey (HAW),3
2026,2,Jarrod Berry (BL),1
2026,2,Jarrod Witts (GCFC),8
2026,2,Jayden Short (RICH),6
2026,2,Jeremy Cameron (GEEL),2
2026,2,Joel Amartey (SYD),8
2026,2,Josh Worrell (ADEL),5
2026,2,Lachie Jaques (WB),1
2026,2,Luke Davies-Uniacke (NMFC),2
2026,2,Luke Jackson (FRE),7
2026,2,Luke Parker (NMFC),6
2026,2,Marcus Bontempelli (WB),10
2026,2,Matthew Kennedy (WB),3
2026,2,Max Gawn (MELB),7
2026,2,Max Hall (STK),8
2026,2,Max Holmes (GEEL),8
2026,2,Milan Murdock (WCE),1
2026,2,Nick Blakey (SYD),8
2026,2,Nick Daicos (COLL),4
2026,2,Nick Watson (HAW),9
2026,2,Noah Anderson (GCFC),6
2026,2,Patrick Cripps (CARL),6
2026,2,Riley Bice (SYD),4
2026,2,Riley Thilthorpe (ADEL),5
2026,2,Sam Walsh (CARL),10
2026,2,Shannon Neale (GEEL),7
2026,2,Shaun Mannagh (GEEL),4
2026,2,Tim English (WB),2
2026,2,Tim Taranto (RICH),2
2026,2,Tom Barrass (HAW),5
2026,2,Tom Liberatore (WB),6
2026,2,Tom McCartin (SYD),7
2026,2,Touk Miller (GCFC),2
2026,2,Tristan Xerri (NMFC),4
2026,2,Wayne Milera (ADEL),10
2026,2,Zach Merrett (ESS),1
2026,1,Bailey Humphrey (GCFC),8
2026,1,Bailey Williams (WB),3
2026,1,Chad Warner (SYD),1
2026,1,Charlie Cameron (BL),6
2026,1,Christian Petracca (GCFC),10
2026,1,Clayton Oliver (GWS),7
2026,1,Connor Budarick (WB),1
2026,1,Dan Houston (COLL),2
2026,1,Ed Richards (WB),10
2026,1,Errol Gulden (SYD),8
2026,1,Finn Callaghan (GWS),6
2026,1,Harris Andrews (BL),2
2026,1,Isaac Heeney (SYD),5
2026,1,Isaac Quaynor (COLL),2
2026,1,Jack Sinclair (STK),6
2026,1,Jake Stringer (GWS),10
2026,1,John Noble (GCFC),4
2026,1,Jordan De Goey (COLL),4
2026,1,Joseph Fonti (GWS),2
2026,1,Josh Daicos (COLL),4
2026,1,Justin McInerney (SYD),10
2026,1,Lachie Neale (BL),4
2026,1,Nick Daicos (COLL),10
2026,1,Rory Lobb (WB),3
2026,1,Ryan Lester (BL),1
2026,1,Sam Collins (GCFC),3
2026,1,Sam Walsh (CARL),3
2026,1,Scott Pendlebury (COLL),2
2026,1,Stephen Coniglio (GWS),5
2026,1,Tom McCartin (SYD),3
2026,1,Touk Miller (GCFC),4
2026,1,Wil Powell (GCFC),1
2025,29,Charlie Cameron (BL),1.5
2025,29,Darcy Gardiner (BL),3
2025,29,Harris Andrews (BL),10.5
2025,29,Hugh McCluggage (BL),4.5
2025,29,Jaspa Fletcher (BL),4.5
2025,29,Will Ashcroft (BL),13.5
2025,29,Zac Bailey (BL),7.5
2025,28,Bailey Smith (GEEL),6
2025,28,Darcy Gardiner (BL),1
2025,28,Dylan Moore (HAW),1
2025,28,Gryan Miers (GEEL),4
2025,28,Harris Andrews (BL),6
2025,28,Hugh McCluggage (BL),9
2025,28,Jamie Elliott (COLL),3
2025,28,Jeremy Cameron (GEEL),2
2025,28,Mark Blicavs (GEEL),6
2025,28,Patrick Dangerfield (GEEL),10
2025,28,Ty Gallop (BL),2
2025,28,Tyson Stengle (GEEL),1
2025,28,Will Ashcroft (BL),5
2025,28,Zac Bailey (BL),4
2025,27,Cameron Rayner (BL),1
2025,27,Harris Andrews (BL),6
2025,27,Hugh McCluggage (BL),4
2025,27,Jack Gunston (HAW),8
2025,27,Jai Newcombe (HAW),10
2025,27,Jarrod Berry (BL),4
2025,27,Josh Battle (HAW),1
2025,27,Josh Dunkley (BL),7
2025,27,Josh Ward (HAW),4
2025,27,Josh Worrell (ADEL),3
2025,27,Lloyd Meek (HAW),3
2025,27,Nick Watson (HAW),1
2025,27,Will Ashcroft (BL),8
2025,26,Andrew Brayshaw (FRE),2
2025,26,Blake Hardwick (HAW),7
2025,26,Bodhi Uwland (GCFC),1
2025,26,Caleb Serong (FRE),10
2025,26,Darcy Moore (COLL),10
2025,26,Finn Callaghan (GWS),8
2025,26,Isaac Quaynor (COLL),4
2025,26,Jai Newcombe (HAW),8
2025,26,Jamie Elliott (COLL),1
2025,26,Jarman Impey (HAW),2
2025,26,Jordan De Goey (COLL),7
2025,26,Josh Dunkley (BL),1
2025,26,Mark Blicavs (GEEL),5
2025,26,Matt Rowell (GCFC),6
2025,26,Max Holmes (GEEL),4
2025,26,Nick Daicos (COLL),5
2025,26,Noah Anderson (GCFC),3
2025,26,Oliver Dempsey (GEEL),9
2025,26,Sam Collins (GCFC),4
2025,26,Steele Sidebottom (COLL),3
2025,26,Tom Atkins (GEEL),4
2025,26,Tom Green (GWS),5
2025,26,Tom Stewart (GEEL),7
2025,26,Wil Powell (GCFC),4
2025,25,Charlie Cameron (BL),1.5
2025,25,Darcy Gardiner (BL),3
2025,25,Harris Andrews (BL),10.5
2025,25,Hugh McCluggage (BL),4.5
2025,25,Jaspa Fletcher (BL),4.5
2025,25,Will Ashcroft (BL),13.5
2025,25,Zac Bailey (BL),7.5
2025,24,Charlie Cameron (BL),1.5
2025,24,Darcy Gardiner (BL),3
2025,24,Harris Andrews (BL),10.5
2025,24,Hugh McCluggage (BL),4.5
2025,24,Jaspa Fletcher (BL),4.5
2025,24,Will Ashcroft (BL),13.5
2025,24,Zac Bailey (BL),7.5
2025,23,Aaron Cadman (GWS),1
2025,23,Aaron Naughton (WB),7
2025,23,Aliir Aliir (PORT),10
2025,23,Angus Sheldrick (SYD),3
2025,23,Archie Roberts (ESS),2
2025,23,Bailey Dale (WB),1
2025,23,Bailey Smith (GEEL),9
2025,23,Ben King (GCFC),6
2025,23,Ben Miller (RICH),1
2025,23,Caleb Serong (FRE),7
2025,23,Callum Wilkie (STK),9
2025,23,Charlie Cameron (BL),1.5
2025,23,Colby McKercher (NMFC),1
2025,23,Connor O'Sullivan (GEEL),3
2025,23,Cooper Lord (CARL),2
2025,23,Darcy Gardiner (BL),3
2025,23,Darcy Wilmot (BL),2
2025,23,Dylan Moore (HAW),4
2025,23,Ed Richards (WB),10
2025,23,Errol Gulden (SYD),1
2025,23,Finn Callaghan (GWS),10
2025,23,Francis Evans (CARL),3
2025,23,Gryan Miers (GEEL),3
2025,23,Harris Andrews (BL),5
2025,23,Harry Himmelberg (GWS),6
2025,23,Hugh McCluggage (BL),4.5
2025,23,Isaac Heeney (SYD),10
2025,23,Izak Rankine (ADEL),8
2025,23,Jack Ross (RICH),3
2025,23,Jack Sinclair (STK),9
2025,23,Jai Newcombe (HAW),8
2025,23,James Sicily (HAW),1
2025,23,Jarman Impey (HAW),4
2025,23,Jaspa Fletcher (BL),4.5
2025,23,Jordan Dawson (ADEL),10
2025,23,Josh Dunkley (BL),2
2025,23,Lloyd Meek (HAW),10
2025,23,Luke Jackson (FRE),4
2025,23,Marcus Bontempelli (WB),4
2025,23,Marcus Windhager (STK),3
2025,23,Mark Keane (ADEL),1
2025,23,Matt Rowell (GCFC),10
2025,23,Max Gawn (MELB),5
2025,23,Max Holmes (GEEL),4
2025,23,Michael Frederick (FRE),1
2025,23,Nasiah Wanganeen-Milera (STK),5
2025,23,Nick Blakey (SYD),4
2025,23,Nick Watson (HAW),3
2025,23,Reuben Ginbey (WCE),1
2025,23,Riley Thilthorpe (ADEL),2
2025,23,Sam Collins (GCFC),1
2025,23,Shai Bolton (FRE),2
2025,23,Shannon Neale (GEEL),1
2025,23,Shaun Mannagh (GEEL),5
2025,23,Tim Kelly (WCE),6
2025,23,Toby Greene (GWS),8
2025,23,Tom Green (GWS),4
2025,23,Tom Liberatore (WB),2
2025,23,Tom McCarthy (WCE),2
2025,23,Tom McDonald (MELB),1
2025,23,Touk Miller (GCFC),8
2025,23,Will Ashcroft (BL),3
2025,23,Zac Bailey (BL),7.5
2025,23,Zach Merrett (ESS),3
2025,23,Zak Butters (PORT),6
2025,22,Aaron Naughton (WB),8
2025,22,Alex Neal-Bullen (ADEL),1
2025,22,Andrew McGrath (ESS),1
2025,22,Bailey Smith (GEEL),4
2025,22,Bayley Fritsch (MELB),4
2025,22,Brayden Fiorini (GCFC),2
2025,22,Brodie Grundy (SYD),9
2025,22,Callum Mills (SYD),1
2025,22,Charlie Cameron (BL),1.5
2025,22,Christian Petracca (MELB),1
2025,22,Christian Salem (MELB),3
2025,22,Clayton Oliver (MELB),2
2025,22,Colby McKercher (NMFC),5
2025,22,Darcy Gardiner (BL),3
2025,22,George Hewett (CARL),4
2025,22,Gryan Miers (GEEL),4
2025,22,Harris Andrews (BL),3
2025,22,Harry Sheezel (NMFC),4
2025,22,Hugh McCluggage (BL),7
2025,22,Isaac Heeney (SYD),5
2025,22,Izak Rankine (ADEL),9
2025,22,Jack Sinclair (STK),3
2025,22,Jack Viney (MELB),9
2025,22,Jaeger O'Meara (FRE),1
2025,22,James Sicily (HAW),2
2025,22,Jaspa Fletcher (BL),4.5
2025,22,Jeremy Cameron (GEEL),3
2025,22,John Noble (GCFC),3
2025,22,Jordan Clark (FRE),8
2025,22,Jordan Dawson (ADEL),8
2025,22,Josh Battle (HAW),4
2025,22,Josh Daicos (COLL),1
2025,22,Josh Dunkley (BL),1
2025,22,Justin McInerney (SYD),2
2025,22,Kysaiah Pickett (MELB),2
2025,22,Lachie Neale (BL),7
2025,22,Logan Morris (BL),8
2025,22,Luke Jackson (FRE),8
2025,22,Mac Andrew (GCFC),3
2025,22,Marcus Bontempelli (WB),8
2025,22,Mark Blicavs (GEEL),2
2025,22,Matt Rowell (GCFC),8
2025,22,Max Gawn (MELB),9
2025,22,Max Holmes (GEEL),10
2025,22,Nasiah Wanganeen-Milera (STK),9
2025,22,Nick Blakey (SYD),9
2025,22,Nick Haynes (CARL),1
2025,22,Noah Anderson (GCFC),10
2025,22,Oisin Mullin (GEEL),3
2025,22,Patrick Cripps (CARL),8
2025,22,Riley Thilthorpe (ADEL),5
2025,22,Rory Lobb (WB),2
2025,22,Rowan Marshall (STK),9
2025,22,Sam Collins (GCFC),3
2025,22,Sam Darcy (WB),4
2025,22,Sam Durham (ESS),3
2025,22,Shannon Neale (GEEL),4
2025,22,Steele Sidebottom (COLL),3
2025,22,Tim English (WB),8
2025,22,Touk Miller (GCFC),1
2025,22,Wayne Milera (ADEL),1
2025,22,Will Ashcroft (BL),13.5
2025,22,Zac Bailey (BL),7.5
2025,21,Aaron Cadman (GWS),3
2025,21,Aaron Naughton (WB),10
2025,21,Alex Davies (GCFC),2
2025,21,Alex Neal-Bullen (ADEL),3
2025,21,Andrew Brayshaw (FRE),6
2025,21,Bailey Humphrey (GCFC),1
2025,21,Bailey Smith (GEEL),8
2025,21,Bayley Fritsch (MELB),2
2025,21,Ben Ainsworth (GCFC),2
2025,21,Ben Keays (ADEL),4
2025,21,Ben Long (GCFC),1
2025,21,Brayden Maynard (COLL),1
2025,21,Brodie Grundy (SYD),3
2025,21,Caleb Serong (FRE),1
2025,21,Charlie Cameron (BL),1.5
2025,21,Christian Petracca (MELB),2
2025,21,Daniel Curtin (ADEL),2
2025,21,Darcy Gardiner (BL),3
2025,21,Dylan Moore (HAW),5
2025,21,Ed Richards (WB),4
2025,21,Finn Callaghan (GWS),10
2025,21,Gryan Miers (GEEL),2
2025,21,Harris Andrews (BL),10.5
2025,21,Harry Himmelberg (GWS),8
2025,21,Hayden Young (FRE),8
2025,21,Hugh McCluggage (BL),4.5
2025,21,Isaac Quaynor (COLL),3
2025,21,Jack Gunston (HAW),4
2025,21,Jack Viney (MELB),5
2025,21,Jacob Hopper (RICH),2
2025,21,Jake Soligo (ADEL),8
2025,21,Jake Stringer (GWS),5
2025,21,James Peatling (ADEL),2
2025,21,James Sicily (HAW),10
2025,21,Jarman Impey (HAW),5
2025,21,Jarrod Witts (GCFC),6
2025,21,Jaspa Fletcher (BL),4.5
2025,21,Jeremy Cameron (GEEL),10
2025,21,Josh Daicos (COLL),3
2025,21,Luke Cleary (WB),1
2025,21,Marcus Bontempelli (WB),7
2025,21,Matt Rowell (GCFC),10
2025,21,Max Gawn (MELB),5
2025,21,Max Hall (STK),6
2025,21,Max Holmes (GEEL),5
2025,21,Michael Frederick (FRE),6
2025,21,Murphy Reid (FRE),8
2025,21,Nasiah Wanganeen-Milera (STK),10
2025,21,Nathan Broad (RICH),1
2025,21,Nick Daicos (COLL),10
2025,21,Nick Vlastuin (RICH),8
2025,21,Noah Anderson (GCFC),8
2025,21,Riley Thilthorpe (ADEL),10
2025,21,Rory Laird (ADEL),1
2025,21,Ryan Angwin (GWS),1
2025,21,Sam Darcy (WB),7
2025,21,Shai Bolton (FRE),1
2025,21,Shannon Neale (GEEL),2
2025,21,Tom Atkins (GEEL),3
2025,21,Tom Barrass (HAW),6
2025,21,Tom Liberatore (WB),1
2025,21,Tom Mitchell (COLL),2
2025,21,Will Ashcroft (BL),13.5
2025,21,Zac Bailey (BL),7.5
2025,20,Alex Neal-Bullen (ADEL),10
2025,20,Beau McCreery (COLL),1
2025,20,Blake Hardwick (HAW),8
2025,20,Brodie Grundy (SYD),8
2025,20,Caleb Serong (FRE),6
2025,20,Chad Warner (SYD),6
2025,20,Charlie Cameron (BL),1.5
2025,20,Charlie Curnow (CARL),1
2025,20,Connor Idun (GWS),3
2025,20,Daniel Curtin (ADEL),6
2025,20,Darcy Cameron (COLL),4
2025,20,Darcy Gardiner (BL),3
2025,20,Dayne Zorko (BL),2
2025,20,Dylan Moore (HAW),9
2025,20,Finn Callaghan (GWS),2
2025,20,Harley Reid (WCE),3
2025,20,Harris Andrews (BL),10.5
2025,20,Harry Himmelberg (GWS),7
2025,20,Hugh McCluggage (BL),4.5
2025,20,Isaac Heeney (SYD),10
2025,20,Jack Gunston (HAW),1
2025,20,Jack Ross (RICH),2
2025,20,Jacob Hopper (RICH),8
2025,20,Jacob Weitering (CARL),6
2025,20,Jake Stringer (GWS),2
2025,20,Jarman Impey (HAW),7
2025,20,Jarrod Berry (BL),2
2025,20,Jaspa Fletcher (BL),4.5
2025,20,Jeremy Cameron (GEEL),5
2025,20,Jordan Clark (FRE),2
2025,20,Jordon Sweet (PORT),4
2025,20,Josh Dunkley (BL),7
2025,20,Josh Ward (HAW),1
2025,20,Josh Worrell (ADEL),4
2025,20,Jy Simpkin (NMFC),3
2025,20,Kieren Briggs (GWS),6
2025,20,Kysaiah Pickett (MELB),10
2025,20,Lachie Cowan (CARL),2
2025,20,Marcus Bontempelli (WB),3
2025,20,Mark Keane (ADEL),3
2025,20,Matt Carroll (CARL),4
2025,20,Matt Rowell (GCFC),6
2025,20,Max Holmes (GEEL),7
2025,20,Max Michalanney (ADEL),1
2025,20,Nasiah Wanganeen-Milera (STK),9
2025,20,Nick Blakey (SYD),3
2025,20,Nick Daicos (COLL),8
2025,20,Nick Vlastuin (RICH),5
2025,20,Oisin Mullin (GEEL),2
2025,20,Oliver Dempsey (GEEL),1
2025,20,Patrick Cripps (CARL),6
2025,20,Patrick Voss (FRE),9
2025,20,Rhyan Mansell (RICH),1
2025,20,Rhylee West (WB),2
2025,20,Ryan Lester (BL),5
2025,20,Shaun Mannagh (GEEL),6
2025,20,Tim Taranto (RICH),10
2025,20,Toby Nankervis (RICH),1
2025,20,Tom Green (GWS),10
2025,20,Trent Rivers (MELB),1
2025,20,Will Ashcroft (BL),9
2025,20,Zac Bailey (BL),7.5
2025,19,Aaron Cadman (GWS),10
2025,19,Andrew Brayshaw (FRE),7
2025,19,Archie Roberts (ESS),4
2025,19,Bayley Fritsch (MELB),3
2025,19,Brodie Grundy (SYD),9
2025,19,Caleb Serong (FRE),4
2025,19,Callum Wilkie (STK),5
2025,19,Cameron Rayner (BL),3
2025,19,Charlie Cameron (BL),1.5
2025,19,Christian Petracca (MELB),10
2025,19,Colby McKercher (NMFC),2
2025,19,Connor Idun (GWS),4
2025,19,Daniel Curtin (ADEL),2
2025,19,Daniel Rioli (GCFC),1
2025,19,Darcy Gardiner (BL),3
2025,19,Darcy Moore (COLL),2
2025,19,Darcy Wilmot (BL),4
2025,19,Dayne Zorko (BL),2
2025,19,Dion Prestia (RICH),1
2025,19,Ed Richards (WB),2
2025,19,Finn Callaghan (GWS),7
2025,19,Harley Reid (WCE),1
2025,19,Harris Andrews (BL),10.5
2025,19,Harry Edwards (WCE),5
2025,19,Harry Sheezel (NMFC),4
2025,19,Hugh McCluggage (BL),4.5
2025,19,Jack Ginnivan (HAW),1
2025,19,Jack Steele (STK),3
2025,19,Jacob Hopper (RICH),4
2025,19,Jake Melksham (MELB),6
2025,19,Jake Stringer (GWS),1
2025,19,James Rowbottom (SYD),2
2025,19,Jarrod Berry (BL),5
2025,19,Jarrod Witts (GCFC),3
2025,19,Jason Horne-Francis (PORT),9
2025,19,Jaspa Fletcher (BL),4.5
2025,19,Jayden Short (RICH),3
2025,19,Joe Richards (PORT),5
2025,19,Jordan Dawson (ADEL),6
2025,19,Jordan Ridley (ESS),2
2025,19,Josh Daicos (COLL),8
2025,19,Josh Dunkley (BL),10
2025,19,Karl Amon (HAW),2
2025,19,Lachie Ash (GWS),1
2025,19,Lachie Neale (BL),3
2025,19,Lachie Whitfield (GWS),3
2025,19,Lloyd Meek (HAW),3
2025,19,Luke Ryan (FRE),1
2025,19,Marcus Bontempelli (WB),9
2025,19,Marcus Windhager (STK),8
2025,19,Matt Rowell (GCFC),10
2025,19,Max Gawn (MELB),5
2025,19,Michael Frederick (FRE),2
2025,19,Mitchell Georgiades (PORT),1
2025,19,Nick Vlastuin (RICH),3
2025,19,Noah Anderson (GCFC),6
2025,19,Reilly O'Brien (ADEL),2
2025,19,Riley Thilthorpe (ADEL),9
2025,19,Sam Switkowski (FRE),10
2025,19,Shannon Neale (GEEL),2
2025,19,Tim Taranto (RICH),10
2025,19,Tom Brown (RICH),1
2025,19,Tom Stewart (GEEL),2
2025,19,Will Ashcroft (BL),13.5
2025,19,Will Hayward (SYD),3
2025,19,Zac Bailey (BL),3
2025,19,Zach Merrett (ESS),2
2025,19,Zak Butters (PORT),9
2025,18,Aaron Naughton (WB),7
2025,18,Ben Keays (ADEL),5
2025,18,Brodie Grundy (SYD),10
2025,18,Cameron Rayner (BL),1
2025,18,Chad Warner (SYD),3
2025,18,Connor Idun (GWS),3
2025,18,Daniel McStay (COLL),2
2025,18,Darcy Cameron (COLL),5
2025,18,Darcy Jones (GWS),1
2025,18,Darcy Moore (COLL),8
2025,18,Ed Richards (WB),2
2025,18,Finn Callaghan (GWS),10
2025,18,Gryan Miers (GEEL),5
2025,18,Hayden McLean (SYD),3
2025,18,Hugh McCluggage (BL),8
2025,18,Izak Rankine (ADEL),10
2025,18,Jack Gunston (HAW),2
2025,18,Jack Martin (GEEL),1
2025,18,Jake Soligo (ADEL),4
2025,18,James Jordon (SYD),8
2025,18,Jamie Elliott (COLL),5
2025,18,Jeremy Cameron (GEEL),9
2025,18,Joel Sudar-Jeffrey (GCFC),7
2025,18,Josh Battle (HAW),2
2025,18,Justin McInerney (SYD),2
2025,18,Kysaiah Pickett (MELB),5
2025,18,Lachie Neale (BL),5
2025,18,Lloyd Meek (HAW),4
2025,18,Luke Ryan (FRE),3
2025,18,Marcus Bontempelli (WB),7
2025,18,Max Hall (STK),8
2025,18,Max Holmes (GEEL),6
2025,18,Mitchell Georgiades (PORT),1
2025,18,Nasiah Wanganeen-Milera (STK),10
2025,18,Nick Daicos (COLL),10
2025,18,Nick Larkey (NMFC),1
2025,18,Noah Anderson (GCFC),5
2025,18,Rory Lobb (WB),3
2025,18,Sam Durham (ESS),6
2025,18,Shai Bolton (FRE),1
2025,18,Steven May (MELB),6
2025,18,Toby Greene (GWS),6
2025,18,Tom Atkins (GEEL),1
2025,18,Tom Barrass (HAW),4
2025,18,Tom Green (GWS),4
2025,18,Tom Liberatore (WB),10
2025,18,Touk Miller (GCFC),6
2025,18,Xavier O'Halloran (GWS),6
2025,18,Zac Bailey (BL),10
2025,18,Zach Guthrie (GEEL),8
2025,18,Zach Merrett (ESS),6
2025,18,Zak Butters (PORT),5
2025,17,Aaron Naughton (WB),4
2025,17,Brady Hough (WCE),5
2025,17,Brodie Grundy (SYD),8
2025,17,Connor Rozee (PORT),7
2025,17,Conor Nash (HAW),2
2025,17,Daniel Curtin (ADEL),10
2025,17,Darcy Cameron (COLL),2
2025,17,Esava Ratugolea (PORT),2
2025,17,Hugo Garcia (STK),4
2025,17,Isaac Heeney (SYD),6
2025,17,Jack Gunston (HAW),8
2025,17,Jai Newcombe (HAW),7
2025,17,Jake Melksham (MELB),9
2025,17,Jarrod Witts (GCFC),2
2025,17,Jeremy Howe (COLL),2
2025,17,Joel Freijah (WB),10
2025,17,John Noble (GCFC),4
2025,17,Jordan Clark (FRE),10
2025,17,Jordan Dawson (ADEL),6
2025,17,Jordon Butts (ADEL),2
2025,17,Josh Treacy (FRE),2
2025,17,Karl Amon (HAW),8
2025,17,Kysaiah Pickett (MELB),2
2025,17,Lachie Bramble (WB),2
2025,17,Liam Baker (WCE),5
2025,17,Lloyd Meek (HAW),1
2025,17,Luke Jackson (FRE),1
2025,17,Mabior Chol (HAW),4
2025,17,Matt Rowell (GCFC),9
2025,17,Max Hall (STK),3
2025,17,Max Michalanney (ADEL),2
2025,17,Miles Bergman (PORT),6
2025,17,Mitchell Georgiades (PORT),5
2025,17,Nasiah Wanganeen-Milera (STK),6
2025,17,Nick Daicos (COLL),6
2025,17,Riley Thilthorpe (ADEL),8
2025,17,Rowan Marshall (STK),3
2025,17,Sam Flanders (GCFC),1
2025,17,Scott Pendlebury (COLL),10
2025,17,Sean Darcy (FRE),1
2025,17,Touk Miller (GCFC),3
2025,17,Wayne Milera (ADEL),2
2025,17,Zak Butters (PORT),10
2025,16,Andrew Brayshaw (FRE),3
2025,16,Bailey Humphrey (GCFC),5
2025,16,Brodie Grundy (SYD),9
2025,16,Caleb Serong (FRE),8
2025,16,Callum Mills (SYD),6
2025,16,Callum Wilkie (STK),2
2025,16,Cameron Rayner (BL),5
2025,16,Colby McKercher (NMFC),4
2025,16,Cooper Sharman (STK),2
2025,16,Darcy Cameron (COLL),10
2025,16,Ed Richards (WB),8
2025,16,Finn Callaghan (GWS),2
2025,16,Harris Andrews (BL),8
2025,16,Harry Sheezel (NMFC),4
2025,16,Heath Chapman (FRE),1
2025,16,Hugh McCluggage (BL),2
2025,16,Isaac Heeney (SYD),9
2025,16,Jordan Clark (FRE),3
2025,16,Justin McInerney (SYD),3
2025,16,Logan Morris (BL),8
2025,16,Luke Davies-Uniacke (NMFC),3
2025,16,Luke Jackson (FRE),10
2025,16,Luke Parker (NMFC),5
2025,16,Luke Ryan (FRE),5
2025,16,Marcus Bontempelli (WB),10
2025,16,Matt Rowell (GCFC),3
2025,16,Matthew Kennedy (WB),1
2025,16,Nasiah Wanganeen-Milera (STK),1
2025,16,Nick Blakey (SYD),2
2025,16,Nick Daicos (COLL),8
2025,16,Noah Anderson (GCFC),9
2025,16,Patrick Lipinski (COLL),6
2025,16,Rory Lobb (WB),2
2025,16,Rowan Marshall (STK),1
2025,16,Sam Darcy (WB),6
2025,16,Sam Docherty (CARL),1
2025,16,Tim English (WB),3
2025,16,Toby Pink (NMFC),3
2025,16,Tom Atkins (GEEL),1
2025,16,Tom Green (GWS),7
2025,16,Tom Powell (NMFC),10
2025,16,Touk Miller (GCFC),4
2025,16,Will Ashcroft (BL),5
2025,16,Zac Bailey (BL),1
2025,16,Zak Butters (PORT),1
2025,15,Aaron Cadman (GWS),8
2025,15,Adam Cerra (CARL),9
2025,15,Alex Cincotta (CARL),2
2025,15,Andrew Brayshaw (FRE),8
2025,15,Bailey Dale (WB),2
2025,15,Bailey Smith (GEEL),7
2025,15,Bailey Williams (WB),4
2025,15,Caleb Serong (FRE),9
2025,15,Connor MacDonald (HAW),1
2025,15,Connor Rozee (PORT),5
2025,15,Dylan Moore (HAW),6
2025,15,Ed Richards (WB),10
2025,15,Esava Ratugolea (PORT),8
2025,15,Finn Callaghan (GWS),5
2025,15,George Hewett (CARL),9
2025,15,Harley Reid (WCE),2
2025,15,Harry Sheezel (NMFC),2
2025,15,Izak Rankine (ADEL),3
2025,15,Jack Gunston (HAW),3
2025,15,Jacob Weitering (CARL),1
2025,15,Jarman Impey (HAW),10
2025,15,Jason Horne-Francis (PORT),4
2025,15,Jaxon Binns (CARL),3
2025,15,Jeremy Cameron (GEEL),7
2025,15,Jesse Hogan (GWS),9
2025,15,Jordan Dawson (ADEL),1
2025,15,Josh Treacy (FRE),4
2025,15,Joshua Weddle (HAW),2
2025,15,Lachie Neale (BL),1
2025,15,Logan Morris (BL),6
2025,15,Luke Davies-Uniacke (NMFC),1
2025,15,Luke McDonald (NMFC),4
2025,15,Luke Parker (NMFC),2
2025,15,Marcus Windhager (STK),1
2025,15,Matthew Kennedy (WB),2
2025,15,Max Gawn (MELB),3
2025,15,Max Holmes (GEEL),10
2025,15,Mitch McGovern (CARL),3
2025,15,Mitchell Georgiades (PORT),10
2025,15,Patrick Dangerfield (GEEL),1
2025,15,Rory Lobb (WB),4
2025,15,Sam Berry (ADEL),4
2025,15,Sam Darcy (WB),7
2025,15,Shannon Neale (GEEL),1
2025,15,Tom Green (GWS),1
2025,15,Tom McCarthy (WCE),1
2025,15,Tom Stewart (GEEL),2
2025,15,Zach Guthrie (GEEL),2
2025,14,Ben Keays (ADEL),9
2025,14,Brodie Grundy (SYD),8
2025,14,Caleb Daniel (NMFC),2
2025,14,Cameron Rayner (BL),9
2025,14,Colby McKercher (NMFC),9
2025,14,Connor Rozee (PORT),7
2025,14,Elijah Hewett (WCE),1
2025,14,Esava Ratugolea (PORT),4
2025,14,George Hewett (CARL),2
2025,14,Gryan Miers (GEEL),3
2025,14,Harry Edwards (WCE),5
2025,14,Isaac Heeney (SYD),3
2025,14,Jack Buckley (GWS),3
2025,14,Jack Henry (GEEL),1
2025,14,Jack Silvagni (CARL),5
2025,14,Jai Newcombe (HAW),9
2025,14,James Jordon (SYD),5
2025,14,James O'Donnell (WB),1
2025,14,Jarrod Berry (BL),3
2025,14,Jeremy Howe (COLL),8
2025,14,Jordan Dawson (ADEL),3
2025,14,Josh Daicos (COLL),10
2025,14,Josh Dunkley (BL),2
2025,14,Josh Ward (HAW),3
2025,14,Josh Worrell (ADEL),1
2025,14,Joshua Weddle (HAW),5
2025,14,Jy Simpkin (NMFC),1
2025,14,Liam Baker (WCE),3
2025,14,Lloyd Meek (HAW),2
2025,14,Mabior Chol (HAW),9
2025,14,Mac Andrew (GCFC),4
2025,14,Mark O'Connor (GEEL),3
2025,14,Matthew Kennedy (WB),1
2025,14,Max Gawn (MELB),4
2025,14,Max Holmes (GEEL),10
2025,14,Miles Bergman (PORT),2
2025,14,Nic Martin (ESS),5
2025,14,Nick Blakey (SYD),10
2025,14,Rory Laird (ADEL),1
2025,14,Sam Taylor (GWS),4
2025,14,Sam Walsh (CARL),7
2025,14,Scott Pendlebury (COLL),2
2025,14,Steele Sidebottom (COLL),2
2025,14,Steven May (MELB),4
2025,14,Tom Atkins (GEEL),1
2025,14,Tom De Koning (CARL),10
2025,14,Tom McCartin (SYD),4
2025,14,Tristan Xerri (NMFC),9
2025,14,Tyson Stengle (GEEL),8
2025,14,Will Ashcroft (BL),2
2025,14,Xavier Duursma (ESS),1
2025,14,Zak Butters (PORT),10
2025,13,Alex Neal-Bullen (ADEL),8
2025,13,Andrew Brayshaw (FRE),2
2025,13,Bailey Smith (GEEL),8
2025,13,Ben Keays (ADEL),6
2025,13,Ben Miller (RICH),1
2025,13,Bradley Hill (STK),1
2025,13,Brody Mihocek (COLL),3
2025,13,Callum Wilkie (STK),10
2025,13,Christian Petracca (MELB),2
2025,13,Dion Prestia (RICH),9
2025,13,Gryan Miers (GEEL),9
2025,13,Hugh McCluggage (BL),10
2025,13,Isaac Cumming (ADEL),1
2025,13,Isaac Quaynor (COLL),1
2025,13,Jack Ginnivan (HAW),3
2025,13,Jack Sinclair (STK),2
2025,13,Jacob Hopper (RICH),8
2025,13,Jamie Elliott (COLL),9
2025,13,Jarrod Berry (BL),4
2025,13,Jeremy Cameron (GEEL),2
2025,13,Jordan Clark (FRE),9
2025,13,Josh Worrell (ADEL),4
2025,13,Joshua Rachele (ADEL),6
2025,13,Jye Caldwell (ESS),5
2025,13,Lachie Ash (GWS),5
2025,13,Liam Baker (WCE),3
2025,13,Luke Jackson (FRE),5
2025,13,Marcus Windhager (STK),7
2025,13,Mark Keane (ADEL),5
2025,13,Matt Rowell (GCFC),1
2025,13,Max Holmes (GEEL),7
2025,13,Nasiah Wanganeen-Milera (STK),7
2025,13,Ned Long (COLL),2
2025,13,Nic Martin (ESS),7
2025,13,Nick Daicos (COLL),3
2025,13,Noah Anderson (GCFC),6
2025,13,Noah Answerth (BL),2
2025,13,Reuben Ginbey (WCE),1
2025,13,Sam Switkowski (FRE),2
2025,13,Shai Bolton (FRE),5
2025,13,Steele Sidebottom (COLL),9
2025,13,Steven May (MELB),1
2025,13,Tim Taranto (RICH),5
2025,13,Toby Nankervis (RICH),2
2025,13,Will Ashcroft (BL),2
2025,12,Adam Cerra (CARL),4
2025,12,Alex Pearce (FRE),5
2025,12,Andrew McGrath (ESS),3
2025,12,Angus Clarke (ESS),1
2025,12,Archie Roberts (ESS),2
2025,12,Bailey Smith (GEEL),5
2025,12,Billy Frampton (COLL),2
2025,12,Caleb Daniel (NMFC),1
2025,12,Caleb Serong (FRE),6
2025,12,Callum Ah Chee (BL),6
2025,12,Christian Petracca (MELB),4
2025,12,Christian Salem (MELB),6
2025,12,Clayton Oliver (MELB),7
2025,12,Darcy Jones (GWS),2
2025,12,Dayne Zorko (BL),4
2025,12,Ed Langdon (MELB),1
2025,12,Ed Richards (WB),5
2025,12,Harry Morrison (HAW),1
2025,12,Heath Chapman (FRE),2
2025,12,Hugh McCluggage (BL),6
2025,12,Isaac Quaynor (COLL),2
2025,12,Izak Rankine (ADEL),4
2025,12,Jack Payne (BL),3
2025,12,Jack Sinclair (STK),4
2025,12,Jamie Elliott (COLL),8
2025,12,Jarrod Witts (GCFC),6
2025,12,Jeremy Cameron (GEEL),9
2025,12,Jesse Hogan (GWS),2
2025,12,Joel Sudar-Jeffrey (GCFC),1
2025,12,Jordan Dawson (ADEL),10
2025,12,Joshua Rachele (ADEL),6
2025,12,Kysaiah Pickett (MELB),10
2025,12,Lachie Ash (GWS),7
2025,12,Lachie Neale (BL),7
2025,12,Lachie Whitfield (GWS),3
2025,12,Luke Jackson (FRE),9
2025,12,Matt Rowell (GCFC),2
2025,12,Matthew Johnson (FRE),1
2025,12,Matthew Kennedy (WB),4
2025,12,Max Gawn (MELB),2
2025,12,Max Holmes (GEEL),6
2025,12,Murphy Reid (FRE),7
2025,12,Nasiah Wanganeen-Milera (STK),1
2025,12,Nathan Broad (RICH),2
2025,12,Ned Long (COLL),8
2025,12,Nic Martin (ESS),9
2025,12,Nick Daicos (COLL),8
2025,12,Noah Anderson (GCFC),10
2025,12,Noah Answerth (BL),3
2025,12,Patrick Cripps (CARL),1
2025,12,Reilly O'Brien (ADEL),5
2025,12,Riley Thilthorpe (ADEL),2
2025,12,Rory Laird (ADEL),1
2025,12,Sam Berry (ADEL),2
2025,12,Sam Durham (ESS),5
2025,12,Shannon Neale (GEEL),1
2025,12,Tim Taranto (RICH),1
2025,12,Toby Greene (GWS),10
2025,12,Tom Green (GWS),1
2025,12,Touk Miller (GCFC),6
2025,12,Tristan Xerri (NMFC),1
2025,12,Zach Merrett (ESS),7
2025,11,Adam Cerra (CARL),3
2025,11,Andrew Brayshaw (FRE),2
2025,11,Bailey Dale (WB),10
2025,11,Bailey Smith (GEEL),9
2025,11,Ben Long (GCFC),1
2025,11,Brady Hough (WCE),5
2025,11,Brennan Cox (FRE),1
2025,11,Brodie Grundy (SYD),5
2025,11,Buku Khamis (WB),1
2025,11,Caleb Serong (FRE),8
2025,11,Cameron Zurhaar (NMFC),8
2025,11,Chad Warner (SYD),8
2025,11,Christian Petracca (MELB),3
2025,11,Colby McKercher (NMFC),3
2025,11,Darcy Fogarty (ADEL),5
2025,11,Ed Richards (WB),8
2025,11,Gryan Miers (GEEL),1
2025,11,Harley Reid (WCE),3
2025,11,Isaac Heeney (SYD),10
2025,11,Jack Graham (WCE),7
2025,11,Jack Higgins (STK),2
2025,11,Jai Newcombe (HAW),3
2025,11,Jake Bowey (MELB),2
2025,11,Jake Melksham (MELB),8
2025,11,James Jordon (SYD),1
2025,11,Jeremy Cameron (GEEL),8
2025,11,Jeremy Howe (COLL),7
2025,11,John Noble (GCFC),6
2025,11,Jordan Dawson (ADEL),6
2025,11,Josh Daicos (COLL),10
2025,11,Justin McInerney (SYD),2
2025,11,Karl Amon (HAW),2
2025,11,Kysaiah Pickett (MELB),1
2025,11,Liam Baker (WCE),7
2025,11,Liam Ryan (WCE),4
2025,11,Luke Jackson (FRE),5
2025,11,Mark Blicavs (GEEL),4
2025,11,Mark O'Connor (GEEL),4
2025,11,Matt Rowell (GCFC),4
2025,11,Max Gawn (MELB),10
2025,11,Michael Frederick (FRE),3
2025,11,Ned Long (COLL),2
2025,11,Neil Erasmus (FRE),1
2025,11,Noah Anderson (GCFC),10
2025,11,Oliver Dempsey (GEEL),4
2025,11,Patrick Cripps (CARL),1
2025,11,Rhylee West (WB),5
2025,11,Rory Lobb (WB),1
2025,11,Rowan Marshall (STK),2
2025,11,Sam Collins (GCFC),3
2025,11,Seth Campbell (RICH),3
2025,11,Shai Bolton (FRE),10
2025,11,Tim English (WB),2
2025,11,Tim Taranto (RICH),7
2025,11,Tom Liberatore (WB),3
2025,11,Touk Miller (GCFC),1
2025,11,Tristan Xerri (NMFC),9
2025,11,Zac Bailey (BL),6
2025,10,Andrew Brayshaw (FRE),1
2025,10,Andrew McGrath (ESS),8
2025,10,Bailey Humphrey (GCFC),3
2025,10,Bailey Smith (GEEL),4
2025,10,Ben King (GCFC),1
2025,10,Chad Warner (SYD),6
2025,10,Changkuoth Jiath (HAW),4
2025,10,Charlie Comben (NMFC),5
2025,10,Connor Rozee (PORT),9
2025,10,Darcy Cameron (COLL),2
2025,10,Dayne Zorko (BL),8
2025,10,Ed Richards (WB),6
2025,10,Finn Callaghan (GWS),1
2025,10,George Hewett (CARL),6
2025,10,Harry McKay (CARL),5
2025,10,Harvey Langford (MELB),8
2025,10,Jack Crisp (COLL),9
2025,10,Jack Graham (WCE),4
2025,10,Jack Gunston (HAW),1
2025,10,Jack Payne (BL),3
2025,10,Jack Silvagni (CARL),1
2025,10,Jack Sinclair (STK),4
2025,10,James O'Donnell (WB),3
2025,10,James Sicily (HAW),3
2025,10,James Worpel (HAW),10
2025,10,Jamie Cripps (WCE),3
2025,10,Jamie Elliott (COLL),9
2025,10,Jesse Hogan (GWS),10
2025,10,John Noble (GCFC),1
2025,10,Jordan Clark (FRE),6
2025,10,Josh Dunkley (BL),2
2025,10,Josh Worrell (ADEL),2
2025,10,Joshua Weddle (HAW),2
2025,10,Luke Davies-Uniacke (NMFC),2
2025,10,Mark Blicavs (GEEL),4
2025,10,Mark Keane (ADEL),1
2025,10,Max Gawn (MELB),2
2025,10,Max Holmes (GEEL),5
2025,10,Miles Bergman (PORT),3
2025,10,Nasiah Wanganeen-Milera (STK),5
2025,10,Nic Martin (ESS),7
2025,10,Nick Blakey (SYD),1
2025,10,Nick Haynes (CARL),7
2025,10,Nick Vlastuin (RICH),1
2025,10,Noah Anderson (GCFC),2
2025,10,Patrick Cripps (CARL),2
2025,10,Riley Thilthorpe (ADEL),8
2025,10,Sam Banks (RICH),9
2025,10,Seth Campbell (RICH),2
2025,10,Shai Bolton (FRE),3
2025,10,Tim Taranto (RICH),9
2025,10,Tom Green (GWS),6
2025,10,Tom J Lynch (RICH),2
2025,10,Tom Liberatore (WB),10
2025,10,Tom McCartin (SYD),1
2025,10,Touk Miller (GCFC),4
2025,10,Tristan Xerri (NMFC),10
2025,10,Zach Reid (ESS),7
2025,10,Zak Butters (PORT),7
2025,9,Aaron Naughton (WB),1
2025,9,Archie Perkins (ESS),4
2025,9,Bailey Dale (WB),5
2025,9,Bailey Smith (GEEL),6
2025,9,Brody Mihocek (COLL),8
2025,9,Callum Wilkie (STK),6
2025,9,Chad Warner (SYD),10
2025,9,Changkuoth Jiath (HAW),7
2025,9,Christian Petracca (MELB),8
2025,9,Cooper Sharman (STK),7
2025,9,Dane Rampe (SYD),3
2025,9,Daniel Turner (MELB),4
2025,9,Ed Richards (WB),7
2025,9,Finn Callaghan (GWS),6
2025,9,Harry Perryman (COLL),1
2025,9,Hugh McCluggage (BL),4
2025,9,Isaac Heeney (SYD),3
2025,9,Izak Rankine (ADEL),7
2025,9,Jack Ginnivan (HAW),1
2025,9,Jack Macrae (STK),10
2025,9,Jack Payne (BL),2
2025,9,Jack Viney (MELB),4
2025,9,Jai Newcombe (HAW),4
2025,9,Jimmy Webster (STK),2
2025,9,Jordan Dawson (ADEL),10
2025,9,Josh Battle (HAW),9
2025,9,Josh Daicos (COLL),2
2025,9,Josh Dunkley (BL),8
2025,9,Josh Worrell (ADEL),7
2025,9,Justin McInerney (SYD),2
2025,9,Jy Simpkin (NMFC),2
2025,9,Kade Chandler (MELB),4
2025,9,Lachie Neale (BL),5
2025,9,Mac Andrew (GCFC),2
2025,9,Marcus Bontempelli (WB),4
2025,9,Marcus Windhager (STK),1
2025,9,Mark O'Connor (GEEL),2
2025,9,Massimo D'Ambrosio (HAW),8
2025,9,Matthew Kennedy (WB),2
2025,9,Max Gawn (MELB),10
2025,9,Max Michalanney (ADEL),3
2025,9,Mitch Owens (STK),4
2025,9,Patrick Dangerfield (GEEL),10
2025,9,Reilly O'Brien (ADEL),2
2025,9,Rory Lobb (WB),1
2025,9,Sam Durham (ESS),4
2025,9,Sam Wicks (SYD),1
2025,9,Scott Pendlebury (COLL),1
2025,9,Tim English (WB),10
2025,9,Tom Barrass (HAW),1
2025,9,Tom Green (GWS),5
2025,9,Tom Powell (NMFC),2
2025,9,Tristan Xerri (NMFC),8
2025,9,Wayne Milera (ADEL),1
2025,9,Will Ashcroft (BL),9
2025,9,Zach Merrett (ESS),10
2025,8,Andrew Brayshaw (FRE),10
2025,8,Bailey Humphrey (GCFC),10
2025,8,Ben King (GCFC),4
2025,8,Caleb Serong (FRE),7
2025,8,Christian Petracca (MELB),8
2025,8,Christian Salem (MELB),2
2025,8,Connor O'Sullivan (GEEL),2
2025,8,Connor Rozee (PORT),3
2025,8,Daniel Rioli (GCFC),5
2025,8,Darcy Wilmot (BL),4
2025,8,Dayne Zorko (BL),7
2025,8,Ed Richards (WB),4
2025,8,Eric Hipwood (BL),2
2025,8,Harry McKay (CARL),4
2025,8,Harry Morrison (HAW),3
2025,8,Hayden Young (FRE),2
2025,8,Hugh McCluggage (BL),1
2025,8,Jack Gunston (HAW),4
2025,8,Jake Bowey (MELB),6
2025,8,James Harmes (WB),5
2025,8,James Worpel (HAW),2
2025,8,Jamie Elliott (COLL),5
2025,8,Jarrod Witts (GCFC),3
2025,8,Jason Horne-Francis (PORT),5
2025,8,Jeremy Howe (COLL),1
2025,8,Joel Freijah (WB),3
2025,8,Jordan Clark (FRE),3
2025,8,Josh Battle (HAW),9
2025,8,Josh Daicos (COLL),8
2025,8,Josh Treacy (FRE),1
2025,8,Josh Worrell (ADEL),3
2025,8,Lachie Neale (BL),10
2025,8,Lloyd Meek (HAW),9
2025,8,Luke Davies-Uniacke (NMFC),1
2025,8,Mabior Chol (HAW),3
2025,8,Marcus Bontempelli (WB),7
2025,8,Matthew Johnson (FRE),4
2025,8,Matthew Kennedy (WB),2
2025,8,Max Gawn (MELB),10
2025,8,Mitch McGovern (CARL),4
2025,8,Mitchell Georgiades (PORT),1
2025,8,Nick Daicos (COLL),5
2025,8,Nick Haynes (CARL),8
2025,8,Nick Vlastuin (RICH),1
2025,8,Noah Anderson (GCFC),2
2025,8,Patrick Cripps (CARL),5
2025,8,Paul Curtis (NMFC),2
2025,8,Sam Walsh (CARL),7
2025,8,Steele Sidebottom (COLL),10
2025,8,Thomson Dow (RICH),1
2025,8,Tim English (WB),4
2025,8,Tom Liberatore (WB),5
2025,8,Tom Sparrow (MELB),2
2025,8,Touk Miller (GCFC),6
2025,8,Tristan Xerri (NMFC),8
2025,8,Will Ashcroft (BL),3
2025,8,Zac Bailey (BL),3
2025,8,Zach Reid (ESS),1
2025,8,Zak Butters (PORT),10
2025,7,Adam Cerra (CARL),7
2025,7,Alex Neal-Bullen (ADEL),4
2025,7,Andrew McGrath (ESS),7
2025,7,Bailey Dale (WB),3
2025,7,Bailey Smith (GEEL),6
2025,7,Bailey Williams (WB),2
2025,7,Beau McCreery (COLL),1
2025,7,Ben Keays (ADEL),1
2025,7,Brodie Grundy (SYD),2
2025,7,Charlie Curnow (CARL),5
2025,7,Connor Rozee (PORT),8
2025,7,Elijah Hewett (WCE),5
2025,7,George Hewett (CARL),10
2025,7,Harrison Petty (MELB),3
2025,7,Isaac Heeney (SYD),1
2025,7,Isaac Quaynor (COLL),2
2025,7,Izak Rankine (ADEL),4
2025,7,Jack Gunston (HAW),2
2025,7,Jacob Hopper (RICH),2
2025,7,Jai Newcombe (HAW),4
2025,7,Jake Bowey (MELB),5
2025,7,Jake Waterman (WCE),1
2025,7,James Rowbottom (SYD),1
2025,7,Jamie Elliott (COLL),3
2025,7,Jeremy McGovern (WCE),1
2025,7,Jesse Motlop (CARL),2
2025,7,Joel Freijah (WB),5
2025,7,John Noble (GCFC),1
2025,7,Jordan Dawson (ADEL),8
2025,7,Josh Daicos (COLL),8
2025,7,Kane Farrell (PORT),6
2025,7,Karl Amon (HAW),3
2025,7,Kysaiah Pickett (MELB),9
2025,7,Lloyd Meek (HAW),1
2025,7,Marcus Bontempelli (WB),10
2025,7,Mark Blicavs (GEEL),1
2025,7,Matt Rowell (GCFC),3
2025,7,Matthew Kennedy (WB),5
2025,7,Matthew Roberts (SYD),2
2025,7,Max Gawn (MELB),9
2025,7,Max Michalanney (ADEL),5
2025,7,Mitchell Hinge (ADEL),1
2025,7,Nic Martin (ESS),6
2025,7,Nick Daicos (COLL),10
2025,7,Nick Vlastuin (RICH),10
2025,7,Noah Answerth (BL),1
2025,7,Noah Balta (RICH),5
2025,7,Patrick Dangerfield (GEEL),3
2025,7,Peter Wright (ESS),10
2025,7,Rory Laird (ADEL),2
2025,7,Ryley Sanders (WB),4
2025,7,Sam Taylor (GWS),5
2025,7,Shai Bolton (FRE),3
2025,7,Shaun Mannagh (GEEL),10
2025,7,Steele Sidebottom (COLL),5
2025,7,Tim Taranto (RICH),6
2025,7,Tom De Koning (CARL),4
2025,7,Tom Liberatore (WB),1
2025,7,Tom McDonald (MELB),1
2025,7,Touk Miller (GCFC),3
2025,7,Zac Williams (CARL),2
2025,7,Zak Butters (PORT),10
2025,6,Adam Cerra (CARL),4
2025,6,Alex Pearce (FRE),3
2025,6,Andrew Brayshaw (FRE),9
2025,6,Bailey Smith (GEEL),7
2025,6,Ben King (GCFC),1
2025,6,Ben Long (GCFC),6
2025,6,Bobby Hill (COLL),1
2025,6,Caleb Serong (FRE),3
2025,6,Callan Ward (GWS),2
2025,6,Callum Ah Chee (BL),2
2025,6,Connor Idun (GWS),3
2025,6,Connor Rozee (PORT),8
2025,6,Darcy Cameron (COLL),1
2025,6,Darcy Fogarty (ADEL),1
2025,6,Dylan Shiel (ESS),3
2025,6,Ed Richards (WB),1
2025,6,Eric Hipwood (BL),9
2025,6,George Hewett (CARL),8
2025,6,Hayden Young (FRE),1
2025,6,Heath Chapman (FRE),2
2025,6,Hugh McCluggage (BL),9
2025,6,Isaac Heeney (SYD),4
2025,6,Jack Gunston (HAW),4
2025,6,Jack Payne (BL),1
2025,6,Jacob Weitering (CARL),2
2025,6,Jason Horne-Francis (PORT),7
2025,6,Jaspa Fletcher (BL),2
2025,6,Joel Sudar-Jeffrey (GCFC),1
2025,6,John Noble (GCFC),3
2025,6,Josh Kelly (GWS),2
2025,6,Josh Treacy (FRE),9
2025,6,Jye Menzie (ESS),4
2025,6,Kysaiah Pickett (MELB),1
2025,6,Lachie Ash (GWS),7
2025,6,Logan Morris (BL),3
2025,6,Mark Keane (ADEL),1
2025,6,Matt Rowell (GCFC),7
2025,6,Matthew Cottrell (CARL),1
2025,6,Max Gawn (MELB),2
2025,6,Max Holmes (GEEL),4
2025,6,Mitch McGovern (CARL),3
2025,6,Mitchell Georgiades (PORT),1
2025,6,Nasiah Wanganeen-Milera (STK),6
2025,6,Ned Long (COLL),9
2025,6,Nic Martin (ESS),4
2025,6,Nick Daicos (COLL),6
2025,6,Noah Anderson (GCFC),9
2025,6,Patrick Cripps (CARL),2
2025,6,Patrick Dangerfield (GEEL),7
2025,6,Sam Draper (ESS),6
2025,6,Sam Walsh (CARL),10
2025,6,Shai Bolton (FRE),3
2025,6,Steele Sidebottom (COLL),9
2025,6,Toby Greene (GWS),10
2025,6,Tom Atkins (GEEL),10
2025,6,Touk Miller (GCFC),3
2025,6,Willem Drew (PORT),1
2025,6,Zac Bailey (BL),3
2025,6,Zach Merrett (ESS),10
2025,6,Zak Butters (PORT),9
2025,5,Adam Saad (CARL),1
2025,5,Andrew Brayshaw (FRE),6
2025,5,Bailey Smith (GEEL),4
2025,5,Bodhi Uwland (GCFC),5
2025,5,Brennan Cox (FRE),2
2025,5,Brodie Grundy (SYD),6
2025,5,Caleb Serong (FRE),10
2025,5,Connor O'Sullivan (GEEL),5
2025,5,Daniel Rioli (GCFC),7
2025,5,Darcy Cameron (COLL),7
2025,5,Darcy Jones (GWS),4
2025,5,Darcy Moore (COLL),2
2025,5,George Hewett (CARL),1
2025,5,Harry Sheezel (NMFC),1
2025,5,Hugh McCluggage (BL),9
2025,5,Izak Rankine (ADEL),4
2025,5,Jack Higgins (STK),2
2025,5,Jack Macrae (STK),3
2025,5,Jack Sinclair (STK),5
2025,5,Jacob Hopper (RICH),1
2025,5,James Rowbottom (SYD),2
2025,5,Jason Horne-Francis (PORT),10
2025,5,Jaspa Fletcher (BL),3
2025,5,Jesse Hogan (GWS),10
2025,5,Joel Amartey (SYD),3
2025,5,Josh Daicos (COLL),5
2025,5,Josh Treacy (FRE),1
2025,5,Lachie Ash (GWS),3
2025,5,Lachie Neale (BL),9
2025,5,Lachie Schultz (COLL),10
2025,5,Lachie Whitfield (GWS),4
2025,5,Luke Ryan (FRE),2
2025,5,Michael Frederick (FRE),1
2025,5,Mitchell Georgiades (PORT),6
2025,5,Nasiah Wanganeen-Milera (STK),4
2025,5,Patrick Dangerfield (GEEL),10
2025,5,Riley Bice (SYD),7
2025,5,Riley Thilthorpe (ADEL),10
2025,5,Sam Darcy (WB),8
2025,5,Sam De Koning (GEEL),2
2025,5,Sam Lalor (RICH),3
2025,5,Scott Pendlebury (COLL),4
2025,5,Shaun Mannagh (GEEL),4
2025,5,Steven May (MELB),1
2025,5,Toby Greene (GWS),4
2025,5,Tom Green (GWS),5
2025,5,Tom McCartin (SYD),2
2025,5,Touk Miller (GCFC),4
2025,5,Will Ashcroft (BL),5
2025,5,Will Hayward (SYD),9
2025,5,Zach Guthrie (GEEL),4
2025,4,Alex Pearce (FRE),2
2025,4,Andrew Brayshaw (FRE),8
2025,4,Bailey Humphrey (GCFC),1
2025,4,Ben King (GCFC),2
2025,4,Blake Hardwick (HAW),5
2025,4,Brodie Kemp (CARL),3
2025,4,Caleb Serong (FRE),8
2025,4,Cameron Mackenzie (HAW),6
2025,4,Dayne Zorko (BL),1
2025,4,Dylan Shiel (ESS),2
2025,4,Harris Andrews (BL),5
2025,4,Hugh McCluggage (BL),9
2025,4,Hugo Garcia (STK),3
2025,4,Izak Rankine (ADEL),3
2025,4,Jack Macrae (STK),4
2025,4,Jack Payne (BL),5
2025,4,Jack Sinclair (STK),10
2025,4,Jake Soligo (ADEL),5
2025,4,Jarrod Witts (GCFC),2
2025,4,Jase Burgoyne (PORT),4
2025,4,Jesse Hogan (GWS),5
2025,4,John Noble (GCFC),1
2025,4,Josh Treacy (FRE),4
2025,4,Jy Simpkin (NMFC),4
2025,4,Luke Jackson (FRE),8
2025,4,Mason Wood (STK),2
2025,4,Matt Rowell (GCFC),10
2025,4,Matthew Kennedy (WB),3
2025,4,Max Holmes (GEEL),3
2025,4,Mitch Owens (STK),2
2025,4,Mitchell Hinge (ADEL),1
2025,4,Nasiah Wanganeen-Milera (STK),4
2025,4,Nick Larkey (NMFC),2
2025,4,Nick Watson (HAW),8
2025,4,Noah Anderson (GCFC),8
2025,4,Ollie Wines (PORT),3
2025,4,Riley Thilthorpe (ADEL),2
2025,4,Rory Laird (ADEL),8
2025,4,Rowan Marshall (STK),3
2025,4,Sam Davidson (WB),8
2025,4,Sam Durham (ESS),7
2025,4,Taylor Walker (ADEL),5
2025,4,Toby Nankervis (RICH),2
2025,4,Tom De Koning (CARL),8
2025,4,Tom Liberatore (WB),8
2025,4,Touk Miller (GCFC),6
2025,4,Will Ashcroft (BL),7
2025,4,Will Day (HAW),6
2025,4,Xavier Duursma (ESS),6
2025,4,Zach Merrett (ESS),8
2025,3,Ben Keays (ADEL),6
2025,3,Blake Hardwick (HAW),2
2025,3,Cameron Zurhaar (NMFC),5
2025,3,Chad Warner (SYD),6
2025,3,Charlie Comben (NMFC),6
2025,3,Clayton Oliver (MELB),1
2025,3,Connor Rozee (PORT),10
2025,3,Dayne Zorko (BL),3
2025,3,George Hewett (CARL),1
2025,3,Harris Andrews (BL),9
2025,3,Hugh McCluggage (BL),1
2025,3,Jack Macrae (STK),8
2025,3,Jack Sinclair (STK),7
2025,3,Jaeger O'Meara (FRE),5
2025,3,Jai Newcombe (HAW),9
2025,3,Jake Soligo (ADEL),3
2025,3,James Jordon (SYD),6
2025,3,James Rowbottom (SYD),1
2025,3,Jase Burgoyne (PORT),7
2025,3,Jeremy Howe (COLL),1
2025,3,Joe Richards (PORT),4
2025,3,Jordan Dawson (ADEL),10
2025,3,Josh Battle (HAW),9
2025,3,Josh Dunkley (BL),2
2025,3,Josh Treacy (FRE),9
2025,3,Kade Chandler (MELB),1
2025,3,Kane Farrell (PORT),3
2025,3,Lachie Jones (PORT),2
2025,3,Lachie Neale (BL),9
2025,3,Lachie Schultz (COLL),2
2025,3,Liam Ryan (WCE),2
2025,3,Mabior Chol (HAW),1
2025,3,Marcus Windhager (STK),2
2025,3,Massimo D'Ambrosio (HAW),2
2025,3,Mitch Owens (STK),3
2025,3,Mitchell Georgiades (PORT),2
2025,3,Nasiah Wanganeen-Milera (STK),4
2025,3,Nicholas Murray (ADEL),3
2025,3,Nick Daicos (COLL),8
2025,3,Ollie Wines (PORT),2
2025,3,Riley Thilthorpe (ADEL),4
2025,3,Rowan Marshall (STK),6
2025,3,Ryan Lester (BL),3
2025,3,Sam Darcy (WB),8
2025,3,Steele Sidebottom (COLL),3
2025,3,Tim Kelly (WCE),1
2025,3,Tom De Koning (CARL),6
2025,3,Tom Liberatore (WB),8
2025,3,Tom Papley (SYD),3
2025,3,Tom Powell (NMFC),7
2025,3,Tristan Xerri (NMFC),10
2025,3,Zach Merrett (ESS),4
2025,2,Aaron Naughton (WB),3
2025,2,Bailey Dale (WB),8
2025,2,Bailey Humphrey (GCFC),1
2025,2,Bailey Smith (GEEL),10
2025,2,Ben King (GCFC),2
2025,2,Ben Miller (RICH),2
2025,2,Caleb Serong (FRE),3
2025,2,Christian Petracca (MELB),6
2025,2,Connor MacDonald (HAW),2
2025,2,Connor Rozee (PORT),2
2025,2,Dan Houston (COLL),9
2025,2,Daniel McStay (COLL),5
2025,2,Darcy Wilmot (BL),4
2025,2,Darcy Wilson (STK),1
2025,2,Dayne Zorko (BL),2
2025,2,Dylan Moore (HAW),9
2025,2,Ed Richards (WB),10
2025,2,Finn Callaghan (GWS),5
2025,2,Izak Rankine (ADEL),3
2025,2,Jack Henry (GEEL),4
2025,2,Jack Ross (RICH),9
2025,2,Jacob Weitering (CARL),4
2025,2,Jake Lever (MELB),1
2025,2,Jake Soligo (ADEL),8
2025,2,James Jordon (SYD),4
2025,2,James Sicily (HAW),2
2025,2,Jarrod Berry (BL),3
2025,2,Jarrod Witts (GCFC),10
2025,2,Jeremy Cameron (GEEL),1
2025,2,Jordan Dawson (ADEL),10
2025,2,Josh Dunkley (BL),9
2025,2,Josh Worrell (ADEL),1
2025,2,Joshua Rachele (ADEL),4
2025,2,Jye Caldwell (ESS),9
2025,2,Karl Amon (HAW),6
2025,2,Matt Rowell (GCFC),5
2025,2,Max Gawn (MELB),2
2025,2,Max Holmes (GEEL),4
2025,2,Nick Daicos (COLL),5
2025,2,Nick Larkey (NMFC),3
2025,2,Nick Vlastuin (RICH),1
2025,2,Noah Anderson (GCFC),8
2025,2,Patrick Dangerfield (GEEL),1
2025,2,Patrick Lipinski (COLL),1
2025,2,Reilly O'Brien (ADEL),3
2025,2,Sam De Koning (GEEL),4
2025,2,Shannon Neale (GEEL),3
2025,2,Steele Sidebottom (COLL),7
2025,2,Tim Membrey (COLL),1
2025,2,Tim Taranto (RICH),2
2025,2,Toby Greene (GWS),10
2025,2,Toby Nankervis (RICH),9
2025,2,Tom De Koning (CARL),3
2025,2,Tom Green (GWS),6
2025,2,Tom Liberatore (WB),3
2025,2,Touk Miller (GCFC),4
2025,2,Tristan Xerri (NMFC),3
2025,2,Xavier Duursma (ESS),1
2025,2,Zac Bailey (BL),8
2025,2,Zach Merrett (ESS),1
2025,1,Chad Warner (SYD),1
2025,1,Darcy Cameron (COLL),1
2025,1,Finn Callaghan (GWS),10
2025,1,James Sicily (HAW),6
2025,1,Josh Kelly (GWS),6
2025,1,Karl Amon (HAW),7
2025,1,Lachie Ash (GWS),2
2025,1,Nick Blakey (SYD),1
2025,1,Sam Taylor (GWS),8
2025,1,Sam Wicks (SYD),5
2025,1,Toby Bedford (GWS),2
2025,1,Toby Greene (GWS),1
2025,1,Will Day (HAW),10
