season,player,team,position
1991,G McKenna,WCE,FB
1991,A Daniher,ESS,FB
1991,N Smart,ADEL,FB
1991,D Grant,STK,HB
1991,P Roos,FITZ,HB
1991,K Hinkley,GEEL,HB
1991,C Mainwaring,WCE,C
1991,P Couch,GEEL,C
1991,P Matera,WCE,C
1991,G Brown,COLL,HF
1991,S Loewe,STK,HF
1991,N Winmar,STK,HF
1991,T Francis,COLL,FF
1991,T Lockett,STK,FF
1991,G Hocking,GEEL,FF
1991,J Stynes,MELB,Fol
1991,M Bairstow,GEEL,Fol
1991,B Mitchell,SYD,Fol
1991,B Brownless,GEEL,Int
1991,C Turley,WCE,Int
1991,M Malthouse,WCE,Coach
1992,B Hart,ADEL,FB
1992,P Roos,FITZ,FB
1992,G Wanganeen,ESS,FB
1992,K Hinkley,GEEL,HB
1992,B Stoneham,GEEL,HB
1992,M Hanna,CARL,HB
1992,D Kemp,WCE,C
1992,D Jarman,HAW,C
1992,M McGuane,COLL,C
1992,R Harvey,STK,HF
1992,S Loewe,STK,HF
1992,G Ablett,GEEL,HF
1992,T McGuinness,ADEL,FF
1992,J Dunstall,HAW,FF
1992,T Lockett,STK,FF
1992,S Wynd,WB,Fol
1992,C McDermott,ADEL,Fol
1992,J Platten,HAW,Fol
1992,S Kernahan,CARL,Int
1992,M Bairstow,GEEL,Int
1992,T Wheeler,WB,Coach
1993,B Hart,ADEL,FB
1993,A Lynch,FITZ,FB
1993,G Wanganeen,ESS,FB
1993,G McKenna,WCE,HB
1993,M Harvey,ESS,HB
1993,A McKay,CARL,HB
1993,G Anderson,ADEL,C
1993,G Williams,CARL,C
1993,P Matera,WCE,C
1993,C Bradley,CARL,HF
1993,W Carey,NM,HF
1993,G Lyon,MELB,HF
1993,G Hocking,GEEL,FF
1993,G Ablett,GEEL,FF
1993,T Modra,ADEL,FF
1993,J Stynes,MELB,Fol
1993,B Allan,HAW,Fol
1993,T McGuinness,ADEL,Fol
1993,N Smart,ADEL,Int
1993,N Burke,STK,Int
1993,K Sheedy,ESS,Coach
1994,D Hart,WCE,FB
1994,S Silvagni,CARL,FB
1994,C Langford,HAW,FB
1994,G McKenna,WCE,HB
1994,G Jakovich,WCE,HB
1994,M Mansfield,GEEL,HB
1994,S Tingay,MELB,C
1994,G Williams,CARL,C
1994,P Matera,WCE,C
1994,G Brown,COLL,HF
1994,W Carey,NM,HF
1994,G Lyon,MELB,HF
1994,J Dunstall,HAW,FF
1994,G Ablett,GEEL,FF
1994,B Allan,HAW,FF
1994,S Rehn,ADEL,Fol
1994,R Harvey,STK,Fol
1994,G Hocking,GEEL,Fol
1994,M Ricciuto,ADEL,Int
1994,C Bradley,CARL,Int
1994,S Kernahan,CARL,Int
1994,N Balme,MELB,Coach
1995,G Wanganeen,ESS,FB
1995,S Silvagni,CARL,FB
1995,A Christou,CARL,FB
1995,M Mansfield,GEEL,HB
1995,G Jakovich,WCE,HB
1995,W Campbell,RICH,HB
1995,N Winmar,STK,C
1995,P Couch,GEEL,C
1995,M Long,ESS,C
1995,G Lyon,MELB,HF
1995,W Carey,NM,HF
1995,J Hird,ESS,HF
1995,D Jarman,HAW,FF
1995,G Ablett,GEEL,FF
1995,T Lockett,SYD,FF
1995,J Madden,CARL,Fol
1995,R Harvey,STK,Fol
1995,C Bradley,CARL,Fol
1995,A Koutoufides,CARL,Int
1995,D Neitz,MELB,Int
1995,P Kelly,SYD,Int
1995,D Parkin,CARL,Coach
1996,N Burke,STK,FB
1996,S Silvagni,CARL,FB
1996,M Sexton,CARL,FB
1996,N Buckley,COLL,HB
1996,P Roos,SYD,HB
1996,P Matera,WCE,HB
1996,C Mainwaring,WCE,C
1996,P Kelly,SYD,C
1996,S Crawford,HAW,C
1996,J Hird,ESS,HF
1996,W Carey,NM,HF
1996,M White,WCE,HF
1996,M Voss,BL,FF
1996,T Lockett,SYD,FF
1996,D Jarman,ADEL,FF
1996,C McKernan,NM,Fol
1996,R Harvey,STK,Fol
1996,C Lambert,BL,Fol
1996,G Hocking,GEEL,Int
1996,G Archer,NM,Int
1996,M Richardson,RICH,Int
1996,R Eade,SYD,Coach
1997,D King,NM,FB
1997,S Silvagni,CARL,FB
1997,P Roos,SYD,FB
1997,P Matera,WCE,HB
1997,M Sexton,CARL,HB
1997,A Heuskes,PORT,HB
1997,A Jones,STK,C
1997,C Bradley,CARL,C
1997,N Buckley,COLL,C
1997,R Smith,WB,HF
1997,C Grant,WB,HF
1997,M O'Loughlin,SYD,HF
1997,F Gehrig,WCE,FF
1997,T Modra,ADEL,FF
1997,P Kelly,SYD,FF
1997,P Salmon,HAW,Fol
1997,R Harvey,STK,Fol
1997,N Burke,STK,Fol
1997,M Ricciuto,ADEL,Int
1997,P Everitt,STK,Int
1997,D Cresswell,SYD,Int
1997,S Alves,STK,Coach
1998,D King,NM,FB
1998,A McIntosh,WCE,FB
1998,G Archer,NM,FB
1998,N Buckley,COLL,HB
1998,S Wellman,ESS,HB
1998,N Smart,ADEL,HB
1998,M Knights,RICH,C
1998,S West,WB,C
1998,S Crawford,HAW,C
1998,P Hudson,WB,HF
1998,W Carey,NM,HF
1998,M Ricciuto,ADEL,HF
1998,B Cousins,WCE,FF
1998,T Lockett,SYD,FF
1998,M Lloyd,ESS,FF
1998,P Everitt,STK,Fol
1998,T Viney,MELB,Fol
1998,R Harvey,STK,Fol
1998,C Grant,WB,Int
1998,A McLeod,ADEL,Int
1998,S Rehn,ADEL,Int
1998,A Stevens,NM,
1999,J Akermanis,BL,FB
1999,J Leppitsch,BL,FB
1999,B Hart,ADEL,FB
1999,B Pickett,NM,HB
1999,S Silvagni,CARL,HB
1999,A McKay,CARL,HB
1999,B Johnson,WB,C
1999,N Buckley,COLL,C
1999,W Schwass,SYD,C
1999,M Mercuri,ESS,HF
1999,W Carey,NM,HF
1999,M Voss,BL,HF
1999,B Cousins,WCE,FF
1999,M Lloyd,ESS,FF
1999,M Richardson,RICH,FF
1999,M Allan,CARL,Fol
1999,R Harvey,STK,Fol
1999,S Crawford,HAW,Fol
1999,P Bell,NM,Int
1999,N Burke,STK,Int
1999,W Campbell,RICH,Int
1999,C Grant,WB,
2000,D Hardwick,ESS,FB
2000,D Fletcher,ESS,FB
2000,A Kellaway,RICH,FB
2000,A McKay,CARL,HB
2000,D Gaspar,RICH,HB
2000,S Goodwin,ADEL,HB
2000,S West,WB,C
2000,B Ratten,CARL,C
2000,S Camporeale,CARL,C
2000,A McLeod,ADEL,HF
2000,W Carey,NM,HF
2000,J Hird,ESS,HF
2000,J Farmer,MELB,FF
2000,M Lloyd,ESS,FF
2000,M O'Loughlin,SYD,FF
2000,S King,GEEL,Fol
2000,A Koutoufides,CARL,Fol
2000,N Buckley,COLL,Fol
2000,L Whitnall,CARL,Int
2000,B Harvey,NM,Int
2000,M Ricciuto,ADEL,Int
2000,B Johnson,WB,
2001,G Wanganeen,PORT,FB
2001,J Hay,HAW,FB
2001,D Gaspar,RICH,FB
2001,J Smith,HAW,HB
2001,S Wellman,ESS,HB
2001,A McKay,CARL,HB
2001,J Akermanis,BL,C
2001,B Ratten,CARL,C
2001,N Buckley,COLL,C
2001,M Voss,BL,HF
2001,W Tredrea,PORT,HF
2001,J Hird,ESS,HF
2001,B Ottens,RICH,FF
2001,M Lloyd,ESS,FF
2001,B Cousins,WCE,FF
2001,M Primus,PORT,Fol
2001,S Black,BL,Fol
2001,A McLeod,ADEL,Fol
2001,N Brown,WB,Int
2001,S Goodwin,ADEL,Int
2001,J Johnson,ESS,Int
2001,N Lappin,BL,
2002,C Johnson,BL,FB
2002,M Pavlich,FRE,FB
2002,G Archer,NM,FB
2002,B Montgomery,PORT,HB
2002,J Leppitsch,BL,HB
2002,B Hart,ADEL,HB
2002,J Akermanis,BL,C
2002,S Black,BL,C
2002,A Yze,MELB,C
2002,M Voss,BL,HF
2002,W Tredrea,PORT,HF
2002,B Johnson,WB,HF
2002,N Brown,WB,FF
2002,D Neitz,MELB,FF
2002,L Darcy,WB,FF
2002,M Primus,PORT,Fol
2002,J Francou,PORT,Fol
2002,B Cousins,WCE,Fol
2002,S Crawford,HAW,Int
2002,N Lappin,BL,Int
2002,M Ricciuto,ADEL,Int
2002,A Simpson,NM,
2003,G Wanganeen,PORT,FB
2003,M Scarlett,GEEL,FB
2003,J Smith,HAW,FB
2003,R Smith,WB,HB
2003,J Leppitsch,BL,HB
2003,N Lappin,BL,HB
2003,L Hayes,STK,C
2003,M Voss,BL,C
2003,P Williams,SYD,C
2003,M Pavlich,FRE,HF
2003,W Tredrea,PORT,HF
2003,M Ricciuto,ADEL,HF
2003,P Matera,WCE,FF
2003,M Lloyd,ESS,FF
2003,C Tarrant,COLL,FF
2003,A Goodes,SYD,Fol
2003,N Buckley,COLL,Fol
2003,P Bell,FRE,Fol
2003,J Hird,ESS,Int
2003,M Gardiner,WCE,Int
2003,P Hasleby,FRE,Int
2003,R Harvey,STK,
2004,L Barry,SYD,FB
2004,M Scarlett,GEEL,FB
2004,C Johnson,BL,FB
2004,A Jones,STK,HB
2004,C Cornes,PORT,HB
2004,A McPhee,ESS,HB
2004,C Judd,WCE,C
2004,S Black,BL,C
2004,N Lappin,BL,C
2004,J Akermanis,BL,HF
2004,W Tredrea,PORT,HF
2004,N Riewoldt,STK,HF
2004,B Hall,SYD,FF
2004,F Gehrig,STK,FF
2004,L Power,BL,FF
2004,J White,MELB,Fol
2004,M Ricciuto,ADEL,Fol
2004,S West,WB,Fol
2004,J Clement,COLL,Int
2004,C Fletcher,WCE,Int
2004,B Kirk,SYD,Int
2004,M Lappin,CARL,
2005,D Wirrpanda,WCE,FB
2005,B Rutten,ADEL,FB
2005,J Clement,COLL,FB
2005,J Bowden,RICH,HB
2005,T Croad,HAW,HB
2005,L Hodge,HAW,HB
2005,N Dal Santo,STK,C
2005,S West,WB,C
2005,L Hayes,STK,C
2005,M Ricciuto,ADEL,HF
2005,M Pavlich,FRE,HF
2005,S Grant,NM,HF
2005,B Johnson,WB,FF
2005,B Hall,SYD,FF
2005,P Everitt,HAW,FF
2005,D Cox,WCE,Fol
2005,L Ball,STK,Fol
2005,B Cousins,WCE,Fol
2005,L Barry,SYD,Int
2005,K Cornes,PORT,Int
2005,S Goodwin,ADEL,Int
2005,B Harvey,NM,
2006,N Bassett,ADEL,FB
2006,D Glass,WCE,FB
2006,L Gilbee,WB,FB
2006,C Bolton,SYD,HB
2006,J Bowden,RICH,HB
2006,A McLeod,ADEL,HB
2006,S Goodwin,ADEL,C
2006,S West,WB,C
2006,A Goodes,SYD,C
2006,A Didak,COLL,HF
2006,B Hall,SYD,HF
2006,R O'Keefe,SYD,HF
2006,B Johnson,WB,FF
2006,B Fevola,CARL,FF
2006,N Riewoldt,STK,FF
2006,B Lade,PORT,Fol
2006,C Judd,WCE,Fol
2006,B Cousins,WCE,Fol
2006,S Burgoyne,PORT,Int
2006,D Cox,WCE,Int
2006,J McDonald,MELB,Int
2006,M Pavlich,FRE,
2007,M Scarlett,GEEL,FB
2007,D Glass,WCE,FB
2007,D Milburn,GEEL,FB
2007,A McLeod,ADEL,HB
2007,M Egan,GEEL,HB
2007,C Brown,HAW,HB
2007,K Cornes,PORT,C
2007,J Bartel,GEEL,C
2007,C Cornes,PORT,C
2007,S Johnson,GEEL,HF
2007,J Brown,BL,HF
2007,B Harvey,NM,HF
2007,B Johnson,WB,FF
2007,M Pavlich,FRE,FF
2007,C Mooney,GEEL,FF
2007,D Cox,WCE,Fol
2007,D Kerr,WCE,Fol
2007,G Ablett,GEEL,Fol
2007,J Corey,GEEL,Int
2007,D Fletcher,ESS,Int
2007,B Lade,PORT,Int
2007,C Ling,GEEL,
2008,D Morris,WB,FB
2008,M Scarlett,GEEL,FB
2008,T Harley,GEEL,FB
2008,L Hodge,HAW,HB
2008,N Bock,ADEL,HB
2008,S Fisher,STK,HB
2008,J Bartel,GEEL,C
2008,J Corey,GEEL,C
2008,A Cooney,WB,C
2008,S Johnson,GEEL,HF
2008,N Riewoldt,STK,HF
2008,B Harvey,NM,HF
2008,B Fevola,CARL,FF
2008,L Franklin,HAW,FF
2008,P Medhurst,COLL,FF
2008,D Cox,WCE,Fol
2008,C Judd,CARL,Fol
2008,G Ablett,GEEL,Fol
2008,C Enright,GEEL,Int
2008,M Pavlich,FRE,Int
2008,M Richardson,RICH,Int
2008,A Sandilands,FRE,
2009,C Enright,GEEL,FB
2009,M Scarlett,GEEL,FB
2009,B Lake,WB,FB
2009,S Goodwin,ADEL,HB
2009,C Bolton,SYD,HB
2009,N Maxwell,COLL,HB
2009,L Montagna,STK,C
2009,L Hayes,STK,C
2009,J Selwood,GEEL,C
2009,P Chapman,GEEL,HF
2009,N Riewoldt,STK,HF
2009,D Swan,COLL,HF
2009,L Davis,COLL,FF
2009,B Fevola,CARL,FF
2009,J Brown,BL,FF
2009,A Sandilands,FRE,Fol
2009,C Judd,CARL,Fol
2009,G Ablett,GEEL,Fol
2009,M Boyd,WB,Int
2009,N Dal Santo,STK,Int
2009,B Goddard,STK,Int
2009,A Goodes,SYD,
2010,J Frawley,MELB,FB
2010,B Lake,WB,FB
2010,C Enright,GEEL,FB
2010,B Goddard,STK,HB
2010,H Taylor,GEEL,HB
2010,H Lumumba,COLL,HB
2010,L Montagna,STK,C
2010,L Hodge,HAW,C
2010,J Selwood,GEEL,C
2010,A Didak,COLL,HF
2010,L Franklin,HAW,HF
2010,P Chapman,GEEL,HF
2010,B Hall,WB,FF
2010,J Riewoldt,RICH,FF
2010,M Lecras,WCE,FF
2010,A Sandilands,FRE,Fol
2010,D Swan,COLL,Fol
2010,G Ablett,GEEL,Fol
2010,M Jamar,MELB,Int
2010,S Johnson,GEEL,Int
2010,C Judd,CARL,Int
2010,S Pendlebury,COLL,
2011,M Scarlett,GEEL,FB
2011,D Glass,WCE,FB
2011,C Enright,GEEL,FB
2011,R Murphy,WB,HB
2011,B Reid,COLL,HB
2011,L Davis,COLL,HB
2011,D Thomas,COLL,C
2011,S Mitchell,HAW,C
2011,S Pendlebury,COLL,C
2011,M Murphy,CARL,HF
2011,T Cloke,COLL,HF
2011,D Swan,COLL,HF
2011,S Milne,STK,FF
2011,L Franklin,HAW,FF
2011,A Goodes,SYD,FF
2011,D Cox,WCE,Fol
2011,C Judd,CARL,Fol
2011,G Ablett,GC,Fol
2011,M Boyd,WB,Int
2011,N Dal Santo,STK,Int
2011,J Kelly,GEEL,Int
2011,D Petrie,NM,
2012,S Dempster,STK,FB
2012,L McPharlin,FRE,FB
2012,D Glass,WCE,FB
2012,B Waters,WCE,HB
2012,T Richards,SYD,HB
2012,G Birchall,HAW,HB
2012,T Cotchin,RICH,C
2012,J Watson,ESS,C
2012,D Beams,COLL,C
2012,P Dangerfield,ADEL,HF
2012,L Franklin,HAW,HF
2012,C Rioli,HAW,HF
2012,S Milne,STK,FF
2012,T Hawkins,GEEL,FF
2012,D Cox,WCE,FF
2012,N Naitanui,WCE,Fol
2012,S Thompson,ADEL,Fol
2012,G Ablett,GC,Fol
2012,B Deledio,RICH,Int
2012,J Kennedy,SYD,Int
2012,S Pendlebury,COLL,Int
2012,D Swan,COLL,
2013,C Enright,GEEL,FB
2013,S Thompson,NM,FB
2013,M Johnson,FRE,FB
2013,J McVeigh,SYD,HB
2013,H Taylor,GEEL,HB
2013,S Mitchell,HAW,HB
2013,R Griffen,WB,C
2013,J Selwood,GEEL,C
2013,S Pendlebury,COLL,C
2013,P Dangerfield,ADEL,HF
2013,T Cloke,COLL,HF
2013,K Jack,SYD,HF
2013,J Roughead,HAW,FF
2013,J Cameron,GWS,FF
2013,C Wingard,PORT,FF
2013,W Minson,WB,Fol
2013,D Swan,COLL,Fol
2013,G Ablett,GC,Fol
2013,T Boak,PORT,Int
2013,D Hannebery,SYD,Int
2013,J Watson,ESS,Int
2013,A Mackie,GEEL,
2014,C Hooker,ESS,FB
2014,D Talia,ADEL,FB
2014,N Smith,SYD,FB
2014,N Malceski,SYD,HB
2014,A Rance,RICH,HB
2014,B Smith,ADEL,HB
2014,N Fyfe,FRE,C
2014,J Kennedy,SYD,C
2014,D Heppell,ESS,C
2014,R Gray,PORT,HF
2014,N Riewoldt,STK,HF
2014,L Breust,HAW,HF
2014,H Ballantyne,FRE,FF
2014,L Franklin,SYD,FF
2014,J Roughead,HAW,FF
2014,A Sandilands,FRE,Fol
2014,J Selwood,GEEL,Fol
2014,G Ablett,GC,Fol
2014,J Lewis,HAW,Int
2014,S Pendlebury,COLL,Int
2014,T Boak,PORT,Int
2014,T Rockliff,BL,
2015,J Gibson,HAW,FB
2015,A Rance,RICH,FB
2015,H Shaw,GWS,FB
2015,E Wood,WB,HB
2015,M Hurley,ESS,HB
2015,R Murphy,WB,HB
2015,D Hannebery,SYD,C
2015,M Priddis,WCE,C
2015,A Gaff,WCE,C
2015,C Wingard,PORT,HF
2015,J Riewoldt,RICH,HF
2015,C Rioli,HAW,HF
2015,E Betts,ADEL,FF
2015,J Kennedy,WCE,FF
2015,J Stringer,WB,FF
2015,T Goldstein,NM,Fol
2015,N Fyfe,FRE,Fol
2015,P Dangerfield,ADEL,Fol
2015,B Deledio,RICH,Int
2015,R Gray,PORT,Int
2015,S Mitchell,HAW,Int
2015,D Mundy,FRE,
2016,D Rampe,SYD,FB
2016,A Rance,RICH,FB
2016,J McGovern,WCE,FB
2016,H Shaw,GWS,HB
2016,D Talia,ADEL,HB
2016,C Enright,GEEL,HB
2016,D Hannebery,SYD,C
2016,J Kennedy,SYD,C
2016,R Sloane,ADEL,C
2016,T Greene,GWS,HF
2016,L Franklin,SYD,HF
2016,C Rioli,HAW,HF
2016,E Betts,ADEL,FF
2016,J Kennedy,WCE,FF
2016,T Lynch,GC,FF
2016,M Gawn,MELB,Fol
2016,P Dangerfield,GEEL,Fol
2016,J Selwood,GEEL,Fol
2016,M Bontempelli,WB,Int
2016,L Parker,SYD,Int
2016,D Martin,RICH,Int
2016,M Boyd,WB,
2017,M Hibberd,MELB,FB
2017,A Rance,RICH,FB
2017,J McGovern,WCE,FB
2017,R Laird,ADEL,HB
2017,M Hurley,ESS,HB
2017,S Docherty,CARL,HB
2017,J Kelly,GWS,C
2017,D Martin,RICH,C
2017,Z Merrett,ESS,C
2017,R Gray,PORT,HF
2017,L Franklin,SYD,HF
2017,D Zorko,BL,HF
2017,J Daniher,ESS,FF
2017,J Kennedy,WCE,FF
2017,E Betts,ADEL,FF
2017,P Ryder,PORT,Fol
2017,P Dangerfield,GEEL,Fol
2017,T Mitchell,HAW,Fol
2017,M Crouch,ADEL,Int
2017,E Yeo,WCE,Int
2017,J Selwood,GEEL,Int
2017,D Shiel,GWS,
2018,T Stewart,GEEL,FB
2018,A Rance,RICH,FB
2018,R Laird,ADEL,FB
2018,S Hurn,WCE,HB
2018,J McGovern,WCE,HB
2018,L Whitfield,GWS,HB
2018,A Gaff,WCE,C
2018,D Martin,RICH,C
2018,S Sidebottom,COLL,C
2018,P Dangerfield,GEEL,HF
2018,L Franklin,SYD,HF
2018,R Gray,PORT,HF
2018,J Gunston,HAW,FF
2018,J Riewoldt,RICH,FF
2018,L Breust,HAW,FF
2018,M Gawn,MELB,Fol
2018,P Cripps,CARL,Fol
2018,T Mitchell,HAW,Fol
2018,B Grundy,COLL,Int
2018,C Oliver,MELB,Int
2018,S Higgins,NM,Int
2018,S Edwards,RICH,
2019,T Stewart,GEEL,FB
2019,H Andrews,BL,FB
2019,D Grimes,RICH,FB
2019,B Houli,RICH,HB
2019,J McGovern,WCE,HB
2019,S Hurn,WCE,HB
2019,M Bontempelli,WB,C
2019,P Cripps,CARL,C
2019,T Kelly,GEEL,C
2019,P Dangerfield,GEEL,HF
2019,J Cameron,GWS,HF
2019,M Walters,FRE,HF
2019,J Darling,WCE,FF
2019,T Hawkins,GEEL,FF
2019,C Cameron,BL,FF
2019,B Grundy,COLL,Fol
2019,N Fyfe,FRE,Fol
2019,L Neale,BL,Fol
2019,S Pendlebury,COLL,Int
2019,E Yeo,WCE,Int
2019,M Gawn,MELB,Int
2019,J Macrae,WB,
2020,B Sheppard,WCE,FB
2020,H Andrews,BL,FB
2020,L Ryan,FRE,FB
2020,N Haynes,GWS,HB
2020,D Moore,COLL,HB
2020,D B-Jones,PORT,HB
2020,J Macrae,WB,C
2020,T Boak,PORT,C
2020,C Guthrie,GEEL,C
2020,P Dangerfield,GEEL,HF
2020,C Dixon,PORT,HF
2020,M Bontempelli,WB,HF
2020,L Ryan,WCE,FF
2020,T Hawkins,GEEL,FF
2020,D Martin,RICH,FF
2020,N Naitanui,WCE,Fol
2020,C Petracca,MELB,Fol
2020,L Neale,BL,Fol
2020,J Steele,STK,Int
2020,T Adams,COLL,Int
2020,C Daniel,WB,Int
2020,M Gawn,MELB,
2021,J Lever,MELB,FB
2021,S May,MELB,FB
2021,T Stewart,GEEL,FB
2021,D Rich,BL,HB
2021,A Aliir,PORT,HB
2021,B Dale,WB,HB
2021,Z Merrett,ESS,C
2021,O Wines,PORT,C
2021,S Walsh,CARL,C
2021,M Bontempelli,WB,HF
2021,T Hawkins,GEEL,HF
2021,C Petracca,MELB,HF
2021,T Greene,GWS,FF
2021,H McKay,CARL,FF
2021,T Papley,SYD,FF
2021,M Gawn,MELB,Fol
2021,J Macrae,WB,Fol
2021,C Oliver,MELB,Fol
2021,D Parish,ESS,Int
2021,N Naitanui,WCE,Int
2021,T Miller,GC,Int
2021,J Steele,STK,
2022,T Stewart,GEEL,FB
2022,S May,MELB,FB
2022,B Maynard,COLL,FB
2022,J Sinclair,STK,HB
2022,S Taylor,GWS,HB
2022,A Saad,CARL,HB
2022,T Miller,GC,C
2022,C Oliver,MELB,C
2022,C Mills,SYD,C
2022,C Petracca,MELB,HF
2022,J Cameron,GEEL,HF
2022,S Bolton,RICH,HF
2022,C Curnow,CARL,FF
2022,T Hawkins,GEEL,FF
2022,T Stengle,GEEL,FF
2022,M Gawn,MELB,Fol
2022,P Cripps,CARL,Fol
2022,L Neale,BL,Fol
2022,M Blicavs,GEEL,Int
2022,A Brayshaw,FRE,Int
2022,I Heeney,SYD,Int
2022,C Rozee,PORT,
2023,J Sicily,HAW,FB
2023,C Wilkie,STK,FB
2023,T Stewart,GEEL,FB
2023,J Sinclair,STK,HB
2023,D Moore,COLL,HB
2023,D Houston,PORT,HB
2023,E Gulden,SYD,C
2023,M Bontempelli,WB,C
2023,J Daicos,COLL,C
2023,C Rozee,PORT,HF
2023,T Walker,ADEL,HF
2023,C Petracca,MELB,HF
2023,C Cameron,BL,FF
2023,C Curnow,CARL,FF
2023,T Greene,GWS,FF
2023,T English,WB,Fol
2023,Z Butters,PORT,Fol
2023,N Daicos,COLL,Fol
2023,J Dawson,ADEL,Int
2023,N Larkey,NM,Int
2023,Z Merrett,ESS,Int
2023,C Serong,FRE,
2024,N Blakey,SYD,FB
2024,J Weitering,CARL,FB
2024,L Ryan,FRE,FB
2024,D Zorko,BL,HB
2024,J McGovern,WCE,HB
2024,D Houston,PORT,HB
2024,E Gulden,SYD,C
2024,M Bontempelli,WB,C
2024,N Daicos,COLL,C
2024,C Warner,SYD,HF
2024,J Cameron,GEEL,HF
2024,I Heeney,SYD,HF
2024,J Waterman,WCE,FF
2024,J Hogan,GWS,FF
2024,D Moore,HAW,FF
2024,M Gawn,MELB,Fol
2024,P Cripps,CARL,Fol
2024,C Serong,FRE,Fol
2024,L Whitfield,GWS,Int
2024,L Neale,BL,Int
2024,A Treloar,WB,Int
2024,Z Butters,PORT,
2025,J Battle,HAW,FB
2025,S Taylor,GWS,FB
2025,J Clark,FRE,FB
2025,B Dale,WB,HB
2025,H Andrews,BL,HB
2025,N W-Milera,STK,HB
2025,B Smith,GEEL,C
2025,J Dawson,ADEL,C
2025,H McCluggage,BL,C
2025,I Heeney,SYD,HF
2025,J Cameron,GEEL,HF
2025,Z Bailey,BL,HF
2025,J Gunston,HAW,FF
2025,R Thilthorpe,ADEL,FF
2025,K Pickett,MELB,FF
2025,M Gawn,MELB,Fol
2025,N Anderson,GC,Fol
2025,E Richards,WB,Fol
2025,M Bontempelli,WB,Int
2025,C Serong,FRE,Int
2025,M Rowell,GC,Int
2025,N Daicos,COLL,
